,type
SSSIDECX3,float64
SSSIDECX2,float64
SSSIDECX1,float64
SSSIDECY2,float64
SSSIDECY1,float64
STEMBENDS,int64
FRONTROTORBOLTS,int64
Shoe up angle,int64
Down tube front diameter,float64
LRTHICK,int64
REARDiscAdaptOnPost,bool
Shoe sideways,int64
Front  fender width,int64
CHAINGUARDC,float64
CHAINGUARDB,float64
CHAINGUARDA,float64
Seatpost AERO,bool
LRShiftY,int64
LRShiftX,int64
Dropout joint 11,float64
Dropout joint 10,float64
Dropout joint 15,float64
Dropout joint 14,float64
Dropout joint 13,float64
Dropout joint 12,float64
Dropout joint 19,float64
Dropout joint 18,float64
Dropout joint 17,float64
Dropout joint 16,float64
CSSIDE2SnSlength,int64
Dropout joint 22,float64
Dropout joint 21,float64
Dropout joint 20,float64
Paint scale,float64
Dropout joint 26,float64
Dropout joint 25,float64
Dropout joint 24,float64
Dropout joint 23,float64
nChain stay position on BB,float64
REARCNTIshiftDX,float64
LRPANNIERRAD,int64
HBARRISE,float64
Down tube rear dia2,float64
Rack s3by,float64
CORNERSEATSTAYS1,int64
DOWNTUBE1SnSCheck,bool
Front fender eyelet angle,float64
CHAINSTAYSL10,int64
CHAINSTAYSL11,int64
USEgearbox,bool
CHAINSTAYSL21,int64
CHAINSTAYSL20,int64
nSSAUXC_ang1,float64
nSSAUXC_ang2,float64
nSSAUXC_ang3,float64
Top tube diameter,float64
FRONTRack height,int64
FRONTRack s1tx,int64
Lower stack height,float64
TOPTUBEPBrad,int64
DOWNTUBEPBrad,int64
nSSAUXCXr1,float64
nSSAUXCXr2,float64
Dropout ADJSL,int64
REARROTOR_INCLUDE,bool
STEM2SnSshift,int64
Down tube front dia2,float64
REARROTORTHICK,float64
FDDISTC,float64
nCSAUXCY1,float64
nCSAUXCY3,int64
nCSAUXCY2,float64
CSAUXCY1,float64
FRONTCARGOHEIGHT,float64
CSAUXCY2,float64
nCSAUXCX3,float64
SEATTUBECrad3,int64
SEATTUBECrad1,int64
SEATTUBECrad2,int64
SEATTUBE1SnSdia1,int64
SEATTUBE1SnSdia2,int64
nCSAUXCX2,float64
nCSAUXCX1,float64
Rack s2tx,float64
FDDISTD,int64
CSAUXCX2,float64
CSAUXCX1,float64
CSAUXCX3,float64
CSSIDE1SnSlength,int64
SPIDER_ARM_WIDTH,float64
FDDIST,int64
Down tube rear diameter,float64
FRONTRack s1by,int64
Dim E TextField,float64
nSeat stay Curv Check,bool
Front Fender clearance,float64
Rack s3bby,float64
Rack HOOK3,int64
Rack HOOK1,int64
LRPANNIERShiftY,int64
LRPANNIERShiftX,int64
FRONTROTORANGLE_ONE,int64
CSSIDEISBENT,bool
DOWNTUBEPBheight,int64
ELBOWTHICKNESS,int64
CORNERFRONTWHEEL1,int64
CORNERFRONTWHEEL2,int64
CORNERREARWHEEL1,int64
Crank width at BB,float64
BB textfield,float64
CORNERREARWHEEL2,int64
Seatpost LEN2,float64
Top tube angle textfield,float64
LINKpump2SCHEME,bool
MtnBar angle,float64
SEATSTAYholeCheck,bool
LOOPED_STAYS,bool
Seat tube front dia2,float64
CHNG_THICK,float64
STEPSL1,int64
STEPSL2,int64
SPC_Y,float64
FRONTCARGORAD,int64
nChain stay back diameter,float64
Rack s1tx,float64
Rack angle,float64
SHOES_aux,bool
CSSIDE1SnSlen1,int64
CSSIDE1SnSlen2,int64
nCSSIDECX2,float64
nCSSIDECX3,float64
nCSSIDECX1,float64
FRONTCALPRV,float64
FRONTCALPRW,float64
FRONTCALPRX,float64
FRONTCALPRY,float64
HBARALPHA,float64
Waterbottle boss spacing,int64
CHEVRONHEADTUBE2B,int64
nCSSIDECY3,int64
nCSSIDECY1,float64
nCSSIDECY2,int64
CHEVRONHEADTUBE2D,int64
CHEVRONHEADTUBE2C,int64
STEM2SnSlen2,int64
DOWNTUBE2SnSdia1,int64
DOWNTUBE2SnSdia2,int64
STEM2SnSlen1,int64
DOWNTUBE1SnSlen2,int64
DOWNTUBE1SnSlen1,int64
Front fender end angle,float64
Wheel width rear,float64
CRANK_SPIDER,int64
SSSIDECXr2,float64
SSSIDECXr1,float64
FLANGEDIST_DS front,float64
SPC_FRONT,float64
INCLUDE_STRUT3,bool
INCLUDE_STRUT1,bool
CHEVRONHEADTUBE2SL,int64
FOREHEADtoBACKofHEAD,int64
nSSSIDEC_s2,float64
nSSSIDEC_s3,float64
FRONTROTORA,float64
FRONTROTORB,int64
FRONTROTORG,float64
FRONTROTORE,float64
FRONTROTORF,int64
FRONTROTORK,float64
FRONTROTORL,float64
FRONTROTORJ,float64
nSSSIDEC_s1,float64
MTNGRIPDIA,float64
SPOKE_HOLE_DIA rear,float64
ANKLETHICKNESS,int64
Free spaceRIGHT,int64
Crank length,float64
Mountain bar sweep,float64
FRONTRack include,bool
Rack include,bool
FRONTPANNIERLENTOP,int64
Saddle P,float64
Saddle M,float64
Seat stay junction4,int64
Saddle N,float64
Seat stay junction2,float64
Saddle K,float64
Seat stay junction3,int64
Saddle I,float64
Seat stay junction0,float64
Saddle J,float64
Seat stay junction1,float64
FRONTRack s3tx,int64
Saddle R,float64
Saddle G,float64
Saddle H,float64
Saddle E,float64
Saddle F,float64
Saddle C,float64
Saddle D,float64
Saddle B,float64
CSSIDECXr2,float64
CSSIDECXr1,float64
nSSSIDECrad3,int64
nSSSIDECrad1,float64
nSSSIDECrad2,float64
CHEVRONHEADTUBE2ON,bool
SPOKE_CIRC_DIA front,float64
CORNERSEATPOST1,int64
PANNIERLENTOP,int64
FRONTRack HOOK3,float64
SSAUXISBENT,bool
UPPERARMLENGTH,int64
LOWERARMLENGTH,int64
FRONTCARGOShiftY,int64
FRONTCARGOShiftX,int64
CORNERFORK1,int64
CORNERFORK2,int64
SADDLETIPtoMIDDLE,float64
SEATSTAYdimpleCheck,bool
CHAINSTAYholeCheck,bool
SHIFTonAERO,bool
CHEVRONHEADTUBE1A,int64
CHEVRONHEADTUBE1D,int64
CHEVRONHEADTUBE1C,int64
STEMVARI,bool
CHEVRONHEADTUBE1B,int64
Saddle length,float64
MTNDROP,float64
nSSSIDEC_ang2,float64
nSSSIDEC_ang1,float64
nSSSIDEC_ang3,float64
FLANGEDIST_DS rear,float64
Seat tube length,float64
TOPTUBECXr3,float64
TOPTUBECXr2,float64
DOWNTUBEBENDS,int64
TOPTUBECXr1,float64
FRONTRack s3by,int64
Shoe size,int64
DOWNTUBE1SnSshift,int64
CSSIDE2SnSlen2,int64
CSSIDE2SnSlen1,int64
STEM2SnSlength,int64
REARROTOREP,float64
shifterA2,float64
SEATSTAYbrdgdia2,int64
SEATSTAYbrdgdia1,float64
BELT_PITCH,int64
Dropout spacing,float64
TOPTUBE2SnSlen2,int64
TOPTUBE2SnSlen1,int64
HBARTHETA,float64
Crosshair locked,bool
CHAIN_WIDTH,float64
CHEVRONSEATTUBE1ON,bool
FRONTRack s3bby,int64
AEROPAD_LIP,int64
Wall thickness Seat stay,float64
Paint outline percent,int64
Crosshair Y,float64
Crosshair X,float64
CHEVRONSEATTUBE1SL,int64
FRONTPANNIERLENBOT,int64
shifterA1,float64
CHEVRONSEATTUBE2D,int64
CHEVRONSEATTUBE2B,int64
CHEVRONSEATTUBE2C,int64
CHEVRONSEATTUBE2A,int64
USEdtShiftBoss,bool
CHEVRONSEATTUBE1C,int64
CHEVRONSEATTUBE1D,int64
CHEVRONSEATTUBE1A,int64
CHEVRONSEATTUBE1B,int64
Saddle ANGLE_SYMB,float64
Seat tube leading edge textfield,float64
SSSIDECrad3,int64
SSSIDECrad1,float64
SSSIDECrad2,float64
Down tube diameter,float64
BB length,float64
nSSAUXISBENT,bool
CHAINSTAYbrdgholeshift,float64
Hub flange dia front,float64
FRONTRack s2tx,int64
SSSIDE2SnSdia1,int64
SSSIDE2SnSdia2,int64
REARCNTIW,int64
PANNIERLENBOT,int64
Seatpost setback,float64
CHEVRONHEADTUBE1ON,bool
CORNERCHAINSTAYS1,int64
Seat tube chord length textfield,float64
CORNERCHAINSTAYS2,int64
SSSIDE1SnSlen2,int64
SSSIDE1SnSlen1,int64
Paint shearX,float64
BEND_POSITION,int64
FRONTBROT_SHOW,bool
REARCALPRY,float64
REARCALPRX,float64
REARCALPRW,float64
REARCALPRV,float64
REARROTORKP,float64
nCSAUXBENDS,int64
FRONTRack seat stay mount,int64
REARROTORLP,int64
Seat tube rear dia2,float64
FDx,float64
Display SEATPOST_CLAMP,bool
REARROTORJP,int64
FRONTRack angle,float64
REARROTORGP,float64
SPOKE_PHASE_SHIFT rear,int64
REARROTORFP,float64
Rack s3tx,float64
Seat stay Curv Check,bool
FRONTBRAKEPX,float64
FRONTBRAKEPY,float64
FRONTBRAKEPH,float64
TOPTUBE2SnSlength,int64
FRONTBRAKEPL,float64
Headset spacers,float64
Head tube upper extension,float64
nSSSIDEISBENT,bool
FRONTCNTIFS,int64
Pad horizontal,int64
SPC_RAD1,float64
SPC_RAD3,float64
SPC_RAD2,float64
Crank down angle,int64
FRONTRack lip,int64
Rack offset from seat stay,float64
Paint translate Y,float64
Paint translate X,float64
AEROF,int64
AEROG,int64
SADDLE_REF_POINTY,int64
SADDLE_REF_POINTX,float64
Rack height,float64
LRPANNIERYT,int64
Paint angle,float64
CHAINSTAYbrdgCheck,bool
SPOKES composite front,int64
SEATSTAYbrdgholeshift,float64
nSSAUXBENDS,int64
ROTOR_aux,bool
SPIDER_DIAMETER,float64
SSSIDE1SnSshift,int64
ST_IS_MITERED_TO_DT,bool
SEATSTAY_VF,float64
STEM2SnSCheck,bool
SLIDING,bool
CARGOHEIGHT,float64
SBLADEW front,float64
CORNERSEATTUBE2,int64
CORNERSEATTUBE1,int64
Top tube rear diameter,float64
CSSIDE2SnSCheck,bool
FDTHETA,float64
MTNDIA,float64
DOWNTUBE2SnSshift,int64
SBLADER front,int64
FRONTPANNIERHEIGHT,int64
Rack support,float64
Rack tubing,float64
SQUIGGLEX,int64
SPOKES front,int64
THICKNESSofPELVIS,int64
TOPTUBE1SnSCheck,bool
DISCONTINUOUS,bool
Seatpost CONSTANT,bool
CHAINSTAYAUXrearDIAMETER,float64
REARROTORG,float64
REARROTORF,float64
REARROTORK,float64
REARROTORJ,float64
REARROTORL,float64
Stem angle,float64
Cadence,int64
SPOKE_OFFSET front,float64
REARROTORA,float64
REARROTORB,int64
REARROTORE,float64
REARROTORZ,float64
CSSIDECX1,float64
CSSIDECX2,float64
SPC_OFFSET,float64
CSSIDECX3,float64
Dim B CheckBox,bool
LRPANNIERHEIGHT,int64
CSSIDECY1,float64
CSSIDECY2,int64
RIM_SIDEWALL rear,float64
Number of cogs,int64
FEND_aux,bool
FRONTDiscTabIsPost,bool
Wall thickness Seat tube,float64
BULLALPHA,float64
shifterX,float64
Fender side coverage,float64
CHEVRONDOWNTUBE1A,int64
CHEVRONDOWNTUBE1C,int64
REARCNTIFS,int64
CHEVRONDOWNTUBE1B,int64
CHEVRONDOWNTUBE1D,int64
LRHEIGHT,int64
CHNG_SPACING,float64
CHEVRONDOWNTUBE2B,int64
CHEVRONDOWNTUBE2A,int64
CHEVRONDOWNTUBE2D,int64
CHEVRONDOWNTUBE2C,int64
SEATTUBE1SnSlength,int64
LUG_DIM_E,float64
LUG_DIM_F,float64
LUG_DIM_G,float64
LUG_DIM_H,float64
SELECTEDCOG,int64
REARCNTIBH,int64
CLAMPB,float64
CLAMPC,float64
REARCNTIBV,float64
Mountain bar rise,float64
DOWNTUBE2SnSlen1,int64
DOWNTUBE2SnSlen2,int64
Free spaceLEFT,int64
FRONTCNTIlen2,float64
FRONTCNTIlen1,float64
Handlebar angle,float64
Front  fender thick,float64
FRONTBRAKEBX,int64
FRONTBRAKEAX,float64
Seatpost CAPPED,bool
Front Fender include,bool
Stembodyfdiameter,float64
CSSIDE2SnSdia1,int64
CSSIDE2SnSdia2,int64
Stack,float64
Rear Fender include,bool
Wall thickness Chain stay,float64
SSSIDEBENDS,int64
TOPTUBEFILLET0,bool
TOPTUBEFILLET1,bool
TOPTUBEFILLET2,bool
TOPTUBEFILLET3,bool
Seatpost LENGTH,int64
REARROTORANGLE_TWOP,int64
PAD2PADW,int64
STEM1SnSCheck,bool
SPC_LIP,float64
PANNIERoffset,int64
CORNERTOPTUBE1,int64
Head tube upper extension2,float64
CORNERTOPTUBE2,int64
Seat tube rear diameter,float64
nCSSIDEC_s1,float64
Stem body diameter,float64
REARROTORBOLTS,int64
nCSSIDEC_s3,float64
nCSSIDEC_s2,float64
CHNG_CRNK_CLEAR,float64
Wheel diameter front,float64
Crank Q factor,float64
Hand horizontal,int64
Down tube leading edge,float64
Rear fender end angle,float64
Fork straight blade,bool
ANKLEtoHEEL,int64
Pannier include,bool
CHAINSTAY_Z,float64
Bullhorn reach,int64
CHAINSTAY_X,float64
FRONTCALPRANG,int64
CHAINSTAY_K,float64
CHAINSTAY_J,float64
CHAINSTAY_H,float64
CHAINSTAY_G,float64
SSSIDE2SnSlen1,int64
Fork sag,float64
SSSIDE2SnSlen2,int64
SSSIDE2SnSCheck,bool
SpearP1X,float64
SpearP1Y,float64
TOPTUBE2SnSCheck,bool
INCLUDE_SEATSTAY,bool
CHAINSTAYbrdgdia1,float64
CHAINSTAYbrdgdia2,int64
SPOKE_OFFSET2 front,float64
CORNERHEADTUBE2,int64
CORNERHEADTUBE1,int64
FDslot,int64
SpearP3X,float64
SpearP3Y,float64
SpearP2X,float64
SpearP2Y,float64
Crouch,int64
TOPTUBE2SnSdia1,int64
TOPTUBE2SnSdia2,int64
FORK2R,float64
FORK2W,float64
FORK2T,float64
FORK2B,int64
FORK2C,int64
FORK2A,float64
FORK2F,int64
FORK2G,int64
FORK2D,int64
FORK2E,int64
FORK2J,float64
FORK2K,int64
FORK2H,float64
FORK2L,float64
FORK1R,float64
FORK1T,float64
Front fender eyelet radius,float64
FORK1W,float64
FORK1A,float64
FORK1B,float64
FORK1E,float64
FORK1F,float64
FORK1C,float64
FORK1D,float64
FORK1J,float64
FORK1G,float64
FORK1H,float64
FORK1K,float64
FORK1L,float64
FORK0T,float64
FORK0R,float64
FORK0W,float64
FORK0A,float64
FORK0D,float64
FORK0E,float64
FORK0B,float64
FORK0C,float64
FORK0H,float64
FORK0F,float64
Rack lip,float64
FORK0G,float64
FORK0L,float64
FORK0J,float64
Seat stay bottom diameter,float64
FORK0K,float64
Chain stay horizontal diameter,float64
PRODUCTION,bool
SPOKE_CIRC_DIA rear,float64
TOPTUBE1SnSlen1,float64
TOPTUBE1SnSlen2,float64
CSAUXSLIDER,int64
Strut thickness,float64
LRPANNIERoffsetTop,float64
FRONTBRAKE_SHOW,bool
REARBRAKE_INCLUDE,bool
CLAMPDIA,float64
PEDAL_LENGTH,float64
Dropout joint 7,float64
Dropout joint 8,float64
Dropout joint 9,float64
Dropout joint 0,float64
Dropout joint 1,float64
Dropout joint 2,float64
Dropout joint 3,float64
Dropout joint 4,float64
Dropout joint 5,float64
Dropout joint 6,float64
FDshift,int64
FRONTbrakeAW,float64
SEATSTAYbrdgvari,bool
CSSIDEBENDS,int64
BULLTHETA,int64
PANNIERLENGTH,int64
CSSIDE1SnSshift,float64
Rim depth rear,float64
AEROBAR_EX,int64
FRONTbrakeBW,float64
SEATRAILSHIFT,float64
Pedal thickness,float64
SSAUXSLIDER,int64
LowRider include,bool
REARCNTIlen2,float64
REARCNTIlen1,float64
nSSSIDECX1,float64
FRONTFLIP,bool
nSSSIDECX3,float64
nSSSIDECX2,float64
TOPTUBEL23,float64
TOPTUBEL22,int64
TOPTUBEL21,float64
TOPTUBEL20,float64
nSSSIDECY2,float64
nSSSIDECY1,float64
nSSSIDECY3,int64
FRONTINCLUDE_STRUT1,bool
FRONTINCLUDE_STRUT3,bool
TOPTUBEL13,int64
TOPTUBEL12,float64
TOPTUBEL11,int64
TOPTUBEL10,int64
Seat angle,float64
SSSIDE2SnSshift,int64
Road bar reach,float64
CLAMPOFFSET,float64
TT is displayed,bool
HBARDIA,float64
HIPJOINTOFFSET,int64
Head tube diameter,float64
SSAUXBENDS,int64
AxlDia,float64
CARGOLENGTH,int64
TOPTUBEPBheight,int64
TOPTUBE2SnSshift,int64
SEATSTAYSFILLET1,bool
SEATSTAYSFILLET0,bool
CHAINSTAYdimplex,int64
CHAINSTAYdimpley,int64
Seatpost CHORD,float64
TOPTUBE1SnSshift,int64
CSAUXCrad2,int64
CSAUXCrad1,int64
FRONTCNTIW,int64
DOWNTUBEL20,int64
DOWNTUBEL21,int64
DOWNTUBEL22,int64
DOWNTUBEL23,float64
SEATTUBE1SnSlen2,int64
Landscape,bool
SEATTUBE1SnSlen1,int64
DOWNTUBEL10,int64
DOWNTUBEL11,int64
DOWNTUBEL12,float64
DOWNTUBEL13,int64
Dim A Foot TextField,int64
SEATTUBE2SnSdia2,float64
SEATTUBE2SnSdia1,float64
Saddle Q2,int64
CSSIDE1SnSCheck,bool
Dim F TextField,float64
nCSAUXC_s3,float64
SELECTEDRING,int64
nCSAUXC_s1,float64
nCSAUXC_s2,float64
CSSIDE2SnSshift,int64
REARROTORANGLE_ONE,float64
TOTAL_AVAILABLE_SPACERS,float64
STEMCY3,int64
STEMCY1,float64
STEMCY2,int64
DT is displayed,bool
STEMCX2,float64
STEMCX3,float64
STEMCX1,float64
SSSIDE1SnSlength,int64
SPOKE_DIA front,float64
Seat tube front diameter,float64
Hub flange dia rear,float64
nSeat stay bottom diameter,float64
Chain stay position on BB,float64
LINKstem2SCHEME,bool
DERAILLEURX,int64
DERAILLEURL,int64
SSAUXCY2,float64
Shoe down angle,int64
SSAUXCY1,float64
Dropout R,float64
Dropout S,int64
SSAUXCX1,float64
SSAUXCX2,float64
SSAUXCX3,float64
RIMMSW front,float64
Dropout F,float64
Dropout E,float64
Dropout G,float64
nCSAUXC_ang1,float64
nCSAUXC_ang3,float64
nCSAUXC_ang2,float64
TORSOLENGTH,int64
TOPTUBEPBlength,float64
SAME_SIZED_FRONT_AND_REAR,bool
DOWNTUBEPBlength,float64
Crank thickness,float64
SEATSTAYbrdgoffset,int64
SSSIDEISBENT,bool
LRPANNIERLENTOP,int64
FRONTRack RADS3,int64
FRONTRack RADS1,int64
DROPPERSHIFT,float64
Rack tabF,float64
SPC_REAR,float64
Rack tabR,float64
HEADTUBEFILLET0,bool
FRONTRack RADH3,float64
PANNIERRAD,int64
FDwid,float64
CHEVRONDOWNTUBE2SL,int64
STCUTB,int64
STCUTA,int64
STCUTC,int64
SEATTUBECX2,float64
SEATTUBECX3,float64
SEATTUBECX1,float64
SEATTUBECY1,float64
SEATTUBECY2,int64
BULLRADIUS2,int64
Teeth on cog 2,int64
BULLRADIUS1,int64
Teeth on cog 3,int64
Teeth on cog 4,int64
Teeth on cog 5,int64
Teeth on cog 0,int64
Teeth on cog 1,int64
Teeth on cog 6,int64
Teeth on cog 7,int64
Teeth on cog 8,int64
Teeth on cog 9,int64
REARCALPRANG,int64
SEATSTAYbrdgCheck,bool
FRONTROTORANGLE_ONEP,int64
BOSS_D,float64
TOPTUBECrad1,int64
TOPTUBECrad2,int64
DOWNTUBE Wheel cut,int64
Seatpost RADIUS,int64
LINKspcr2SCHEME,bool
SSSIDE1SnSCheck,bool
CLAMPID,float64
Toe overlap bar angle,int64
CHEVRONDOWNTUBE2ON,bool
FRONTCARGOLENGTH,float64
TOPTUBEISBENT,bool
REARFLIP,bool
Fender strut 4,bool
Fender strut 2,bool
Fender strut 3,bool
Fender strut 1,bool
nSSSIDECXr2,float64
nSSSIDECXr1,float64
FRONTRack length,int64
GEARBOXangle,float64
FLANGEDIST_ND rear,float64
Wheel cut,float64
nCHAINSTAYAUXrearDIAMETER,float64
LRPANNIERLENBOT,int64
Road bar drop,float64
CHAIN_aux,bool
Rack seat stay mount,float64
DOWNTUBEFILLET0,bool
DOWNTUBEFILLET1,bool
DOWNTUBEFILLET2,bool
DOWNTUBEFILLET3,bool
DOWNTUBECrad1,int64
DOWNTUBECrad2,int64
nCSAUXISBENT,bool
nSSAUXC_s2,float64
nSSAUXC_s1,float64
Sitting positionY,int64
nSSAUXC_s3,float64
Sitting positionX,int64
SHOW_OR_HIDE_UNITS,bool
CHAINGUARDDR,float64
CHAINGUARDDF,float64
Wishbone diameter,float64
nSSTopZOFFSET,float64
CS textfield,float64
SUSPENSION,bool
CSAUXISBENT,bool
CHAINGUARDHF,float64
CHAINGUARDHR,int64
SPOKE_CIRC_DIA2 front,float64
SPOKE_OFFSET rear,float64
SPC_HIG,int64
StemX,int64
StemV,float64
StemU,float64
Display FENDERS,bool
StemY,float64
FRONTINCLUDE_HOOK1,bool
FRONTINCLUDE_HOOK3,bool
Pedal width,float64
KNEETHICKNESS,int64
LRLENBOT,int64
DOWNTUBE2SnSCheck,bool
AEROBARDIA,float64
StemG,float64
STEM2SnSdia2,int64
STEM2SnSdia1,int64
nCSAUXCrad3,int64
nCSAUXCrad2,int64
nCSAUXCrad1,int64
Fender clearance,float64
INCLUDE_HOOK1,bool
REARBRAKE_SHOW,bool
INCLUDE_HOOK3,bool
nCHAINSTAY_X,float64
nCHAINSTAY_Z,float64
CHAINGUARDXC,float64
nCHAINSTAY_G,float64
nCHAINSTAY_H,float64
nCHAINSTAY_J,float64
nCHAINSTAY_K,float64
FRONTBRAKED,float64
FRONTBRAKEL,float64
ST_TOP_LENGTH,int64
nSEATSTAY_K,float64
nSEATSTAY_J,float64
nSEATSTAY_H,float64
nSEATSTAY_G,float64
CHAINSTAYSFILLET0,bool
CHAINSTAYSFILLET1,bool
nSEATSTAYTAPERLENGTH,float64
SSAUXCXr1,float64
SSAUXCXr2,float64
nChain stay vertical diameter,float64
PumpAng,float64
REARBRAKED,float64
SPOKE_OFFSET2 rear,float64
Rack RADH1,int64
Rack RADH3,int64
REARBRAKEL,float64
STEM1SnSshift,int64
SEATSTAYbrdgshift,float64
DOWNTUBE2SnSlength,int64
nWishbone diameter,float64
CARGOShiftX,int64
CARGOShiftY,float64
Down tube aero diameter,float64
HEADTUBEL20,int64
HEADTUBEL10,int64
HAND2HANDW,int64
SPOKE_DIA rear,float64
Top tube rear dia2,float64
Free spaceBOTTOM,int64
nChain stay horizontal diameter,float64
Display CHAINGUARD,bool
SEATTUBE2SnSlen1,int64
SEATTUBE2SnSlen2,int64
PANNIERoffsetTop,int64
FRONTBRAKE_INCLUDE,bool
DOTS_INSTEAD_OF_ARROWS,bool
PumpX,float64
PumpY,float64
Dim E CheckBox,bool
CHAINSTAYbrdgvari,bool
Wheel diameter rear,float64
Top tube front dia2,float64
REARROTORANGLE_TWO,float64
FRONTRack support,int64
Dim A Inch TextField,float64
SPOKE_CIRC_DIA2 rear,float64
INVERTED,bool
DOTSonEXTlines,bool
CHAINSTAYOFFSET,float64
FRONTCargo include,bool
FRONTPANNIERShiftY,int64
FRONTPANNIERShiftX,int64
Rear fender start angle,float64
PANNIERShiftY,int64
PANNIERShiftX,float64
Rack RADS1,int64
Rack RADS3,float64
Collar height,float64
Brake lever position,int64
Cargo include,bool
Seat tube extension,float64
SEATSTAY_HF,float64
SSTopZOFFSET,float64
CHAINSTAYbrdgshift,float64
SPOKES rear,int64
SEATPOSTA,float64
nSEATSTAY_HF,float64
nSEATSTAY_HR,float64
TOPTUBE1SnSlength,float64
FRONTPANNIERYT,int64
nCSSIDECrad1,int64
nCSSIDECrad2,int64
nCSSIDECrad3,int64
Cleat Y,int64
BB diameter,float64
Cleat X,int64
FRONTRack tabR,float64
FRONTRack tabF,float64
nSeat stay junction0,float64
nSeat stay junction1,float64
nSeat stay junction2,float64
nSeat stay junction3,int64
nSeat stay junction4,int64
nCSSIDEISBENT,bool
pumpLength,float64
BOSS_T,float64
SPIDER_ARM_PHASE_SHIFT,int64
Rack length,float64
RIMMSW rear,float64
LEFTY,bool
DOWNTUBEISBENT,bool
Hub flange dia2 rear,float64
SEATSTAY_HR,float64
FCD textfield,float64
Rim depth front,float64
FRONTRack tubing,float64
DROPPER,bool
FRONTROTORTHICK,float64
USEFRNTDER,bool
LRPannier include,bool
Handlebar width,float64
Saddle angle,float64
ClmpYfromBB,float64
THRU_AXLE,bool
Teeth on cog 11,int64
Teeth on cog 10,int64
nSEATSTAY_VF,float64
Seat tube extension2,float64
Front Strut thickness,float64
PANNIERYT,float64
Dim D TextField,float64
FLANGEDIST_ND front,float64
FRONTCNTIBV,float64
Dim D CheckBox,bool
FRONTCNTIBH,int64
FRONTROTOR_INCLUDE,bool
LWequalsOL,bool
Rear  fender width,int64
nCHAINSTAYOFFSET,float64
DIMENSION_NAMES,bool
SEATSTAYTAPERLENGTH,int64
FRONTROTORKP,int64
SEATSTAYdimpley,float64
SEATSTAYdimplex,int64
FRONTROTORLP,int64
LINKfork2SCHEME,bool
Rear  fender thick,float64
FadeP1X,float64
FadeP1Y,float64
FRONTRack offset from seat stay,int64
CORNERSTEM1,int64
CORNERSTEM2,int64
FRONTROTORGP,float64
Dim C CheckBox,bool
FadeP2X,float64
FadeP2Y,float64
LRPANNIERLENGTH,int64
FRONTROTORJP,int64
CHEVRONTOPTUBE2D,int64
STEMISBENT,bool
CHEVRONTOPTUBE2A,int64
CHEVRONTOPTUBE2B,int64
Display RACK,bool
CHEVRONTOPTUBE2C,int64
nCSSIDECXr2,float64
nCSSIDECXr1,float64
ST_BOTTOM_LENGTH,int64
CHEVRONSEATTUBE2SL,int64
Dropout ADJ,float64
CSAUXBENDS,int64
Upper stack height,float64
CSSIDE1SnSdia2,float64
CSSIDE1SnSdia1,int64
SaddleYfromBB,float64
Pad vertical,float64
ANGLE_OF_THE_HEAD,int64
Chain stay taper,float64
FRONTROTORANGLE_TWO,float64
SEATTUBE1SnSCheck,bool
CHEVRONTOPTUBE1C,int64
CHEVRONTOPTUBE1D,int64
CHEVRONTOPTUBE1A,int64
CHEVRONTOPTUBE1B,int64
LINE_WEIGHT,float64
SHOULDERtoJAW,int64
REARCNTIdia1,float64
REARCNTIdia2,int64
Head tube chord,int64
Front Fender side coverage,float64
TOPTUBE1SnSdia1,float64
TOPTUBE1SnSdia2,float64
Collar diameter,float64
CHEVRONSEATTUBE2ON,bool
RIM_SIDEWALL front,float64
INCLUDE_CHAINSTAY,bool
CHAINSTAYdimpleCheck,bool
CHEVRONTOPTUBE2SL,int64
Number of chainrings,int64
CSAUXCXr3,float64
CSAUXCXr2,float64
CSAUXCXr1,float64
Rack RAD,float64
SSAUXCrad3,int64
SSAUXCrad2,int64
SSAUXCrad1,float64
AEROPAD_LENGTH,int64
Crank up angle,int64
DOWNTUBECY1,int64
DOWNTUBECY2,float64
FRONTROTOREP,float64
TIREM front,float64
FRONTROTORFP,float64
REARBRAKEPH,float64
Bullhorn drop,float64
CHEVRONTOPTUBE2ON,bool
REARBRAKEPX,float64
REARBRAKEPL,float64
Chain stay back diameter,float64
REARBRAKEPY,float64
CSSIDECrad3,int64
CSSIDECrad2,int64
CSSIDECrad1,int64
DOWNTUBE1SnSdia2,float64
SEATSTAYSL11,int64
DOWNTUBE1SnSdia1,float64
SEATSTAYSL10,float64
DOWNTUBECX1,float64
TIREM rear,float64
DOWNTUBECX2,float64
PANNIERHEIGHT,int64
DOWNTUBECX3,float64
Stem length,float64
nSSSIDEBENDS,int64
SEATSTAYSL21,int64
SEATSTAYSL20,float64
REARROTORDIA,int64
SPC_THICK,float64
Head tube lower extension2,float64
Seat stay wishbone,bool
Display AEROBARS,bool
SEATTUBE2SnSCheck,bool
FRONTPANNIERRAD,int64
SPC_DIA,float64
SSSIDE1SnSdia1,float64
SSSIDE1SnSdia2,float64
nCSSIDEBENDS,int64
REARBRAKEAX,float64
LRLENGTH,int64
REARBRAKEBX,int64
DERAILLEUR_HANGER,bool
FRONTDiscAdaptOnPost,bool
Teeth on chainring 2,int64
Teeth on chainring 0,int64
Teeth on chainring 1,int64
DOWNTUBECXr1,float64
DOWNTUBECXr2,float64
DOWNTUBECXr3,float64
FRONTRack RAD,int64
nChain stay taper,float64
Dim C TextField,float64
Bullhorn rise,float64
Dim A TextField,float64
Seat tube diameter,float64
Chain stay vertical diameter,float64
nSSAUXCX1,float64
nSSAUXCX2,float64
nSSAUXCX3,float64
nSSAUXCY1,float64
nSSAUXCY2,float64
nSSAUXCY3,int64
Hole Angle,float64
CORNERDOWNTUBE1,int64
CORNERDOWNTUBE2,int64
DERAILLEUR_PULLEY2_TEETH,int64
Bullhorn angle,float64
CHAINSTAYbrdgoffset,float64
nSSAUXCrad2,int64
nSSAUXCrad3,int64
Wheel width front,float64
nSSAUXCrad1,float64
CARGORAD,int64
SPOKE_PHASE_SHIFT front,int64
CHAINSTAYASYMMETRIC,bool
Head angle,float64
Hub flange dia2 front,float64
SHOULDERroll,int64
LOWERLEGLENGTH,int64
FRONTPannier include,bool
Dim F CheckBox,bool
LRRAD,int64
OFFSET_AT_BB st,float64
SEATTUBEISBENT,bool
STEMCrad3,int64
STEMCrad2,int64
STEMCrad1,float64
Fork travel,float64
nCSAUXCXr1,float64
nCSAUXCXr2,float64
TOPTUBECY2,float64
TOPTUBECY1,float64
nCSAUXCXr3,float64
TOPTUBECX3,float64
TOPTUBECX2,float64
TOPTUBECX1,float64
Top tube front diameter,float64
Seatpost NUT,int64
Rack s1by,float64
SPOKES composite rear,int64
LRPANNIERoffset,int64
UPPERLEGLENGTH,int64
STEPSW2,int64
STEPSW1,int64
Crank angle,float64
TIRE_aux,bool
SPOKE_HOLE_DIA front,float64
Seatpost diameter,float64
FRONTROTORANGLE_TWOP,int64
LRoffset,int64
Female,bool
DERAILLEUR_PULLEY_TEETH,int64
FRONTROTORDIA,int64
SEATTUBECXr2,float64
SEATTUBECXr1,float64
SSSIDE2SnSlength,int64
FRONTPANNIERLENGTH,int64
BULLDIA,float64
nCSAUXSLIDER,int64
Seatpost DIA2,float64
Seatpost DIA3,int64
Head tube C,float64
Head tube B,float64
Head tube A,float64
Head tube E,float64
Head tube D,float64
SEATTUBE1SnSshift,int64
Seatpost TRAVEL,int64
FDlen,int64
Head tube d,float64
HBAREXTEND,float64
Saddle height,float64
Hand vertical,int64
FRONTCNTIdia2,int64
DOWNTUBE1SnSlength,int64
BELT_WIDTH,int64
Rack forkx,float64
Rack forky,int64
AEROPAD_THICK,int64
Seat tube bottom diameter textfield,float64
Dropout OFF,int64
Rack s1bby,float64
FRONTCNTIshiftDX,float64
Head tube length textfield,float64
nSSAUXSLIDER,int64
Seatpost MAST,bool
STEMCXr1,float64
STEMCXr2,float64
STEMCXr3,float64
SBLADER rear,int64
STEPSbatDTy,int64
STEPSbatDTx,int64
Saddle thickness,float64
Handlebar Y textfield,float64
Front fender start angle,float64
TwoColP2Y,float64
TwoColP2X,float64
SEATTUBE2SnSlength,int64
HBARRAD1,float64
HBARRAD2,float64
Crank width at pedals,float64
CHEVRONDOWNTUBE1SL,int64
REARbrakeBW,float64
SEATSTAY_K,float64
SEATSTAY_J,float64
SPC_WID,int64
SEATSTAY_G,float64
SEATSTAY_H,float64
CASS_aux,bool
SBLADEW rear,float64
ThreeColP1X,float64
ThreeColP1Y,float64
REARbrakeAW,int64
nCSSIDEC_ang3,float64
nCSSIDEC_ang2,float64
nCSSIDEC_ang1,float64
ThreeColP3X,float64
ThreeColP3Y,float64
TwoColP1Y,float64
TwoColP1X,float64
ThreeColP2Y,float64
ThreeColP2X,float64
Dim B TextField,float64
CHEVRONTOPTUBE1SL,int64
CassZ,float64
CassT,float64
CassA,float64
Head tube lower extension,float64
SEATTUBE2SnSshift,int64
DUAL_CROWN,bool
REARDiscTabIsPost,bool
CHEVRONDOWNTUBE1ON,bool
CHEVRONTOPTUBE1ON,bool
OFFSET_AT_BB dt,float64
Dim A CheckBox,bool
REARROTORANGLE_ONEP,float64
bottle SEATTUBE0 WBL,int64
bottle SEATTUBE0 WBD,float64
bottle SEATTUBE0 WBX,int64
bottle SEATTUBE0 WBY,float64
bottle SEATTUBE0 SIZE,int64
bottle DOWNTUBE0 SIZE,int64
bottle SEATTUBE0 X,int64
bottle DOWNTUBE0 WBY,float64
bottle DOWNTUBE0 WBX,float64
bottle DOWNTUBE0 WBL,int64
bottle DOWNTUBE0 WBD,float64
bottle SEATTUBE0 flip,int64
bottle SEATTUBE0 CAGE,int64
bottle DOWNTUBE0 flip,int64
bottle DOWNTUBE0 X,float64
bottle DOWNTUBE0 CAGE,int64
rockerPosition,int64
RDERD,float64
FDERD,float64
RDBSD,float64
FDBSD,float64
HBAR type OHCLASS: Bonrager on Domane,bool
HBAR type OHCLASS: Deda RHM02 COMPACT,bool
HBAR type OHCLASS: Deda RHM2,bool
HBAR type OHCLASS: Ergotec S_XXL,bool
HBAR type OHCLASS: Generic BMX,bool
HBAR type OHCLASS: Generic bullhorn,bool
HBAR type OHCLASS: Generic ergo drop,bool
HBAR type OHCLASS: Generic track,bool
HBAR type OHCLASS: Mountain DH Bar,bool
Rollout units OHCLASS: 0,bool
Rollout units OHCLASS: 1,bool
Rollout units OHCLASS: 2,bool
Rollout units OHCLASS: 3,bool
REARbrake kind OHCLASS: 0,bool
REARbrake kind OHCLASS: 1,bool
Headset type OHCLASS: Cane Creek (External Cup),bool
Headset type OHCLASS: Cane Creek (Integrated),bool
Headset type OHCLASS: Cane Creek (ZeroStack Short),bool
Headset type OHCLASS: Cane Creek (ZeroStack Tall),bool
Headset type OHCLASS: Chris King 1,bool
"Headset type OHCLASS: Chris King 1""",bool
"Headset type OHCLASS: Chris King 1""BMX",bool
"Headset type OHCLASS: Chris King 1-1/4""",bool
"Headset type OHCLASS: Chris King 1-1/8 | 1.5"" Tapered",bool
"Headset type OHCLASS: Chris King 1-1/8""",bool
"Headset type OHCLASS: Chris King 1.5""",bool
"Headset type OHCLASS: Chris King 1.5"" Devolution",bool
"Headset type OHCLASS: Chris King 2nut 1""",bool
"Headset type OHCLASS: Chris King 2nut 1-1/4""",bool
"Headset type OHCLASS: Chris King 2nut 1-1/8""",bool
Headset type OHCLASS: Chris King Devolution,bool
Headset type OHCLASS: Chris King InSet1,bool
Headset type OHCLASS: Chris King InSet2,bool
Headset type OHCLASS: Chris King InSet3,bool
Headset type OHCLASS: Chris King InSet4,bool
Headset type OHCLASS: Chris King InSet5,bool
Headset type OHCLASS: Chris King InSet7,bool
Headset type OHCLASS: Chris King InSet8,bool
"Headset type OHCLASS: Chris King NoThreadSet 1""",bool
"Headset type OHCLASS: Chris King NoThreadSet 1"" BMX",bool
"Headset type OHCLASS: Chris King NoThreadSet 1-1/4""",bool
"Headset type OHCLASS: Chris King NoThreadSet 1-1/8""",bool
Headset type OHCLASS: Chris King SteelSet,bool
Headset type OHCLASS: Columbus ZV7STEERKITH,bool
Headset type OHCLASS: DH Mountain Headset,bool
Headset type OHCLASS: Tecora - Standard,bool
SEATSTAYSYMMETRY OHCLASS: 0,bool
SEATSTAYSYMMETRY OHCLASS: 1,bool
SEATSTAYSYMMETRY OHCLASS: 2,bool
Rack type OHCLASS: Racktime,bool
Rack type OHCLASS: Sample 2 support,bool
Rack type OHCLASS: Sample rear rack,bool
ForkLengthMeasurement0 OHCLASS: 0,bool
ForkLengthMeasurement0 OHCLASS: 1,bool
ForkLengthMeasurement1 OHCLASS: 0,bool
ForkLengthMeasurement1 OHCLASS: 1,bool
Seat stay mount location OHCLASS: 0,bool
Seat stay mount location OHCLASS: 1,bool
Seat stay mount location OHCLASS: 2,bool
Seat stay mount location OHCLASS: 3,bool
Seat stay mount location OHCLASS: 4,bool
DIRECTMOUNTFDTYPE OHCLASS: FDM771D,bool
DIRECTMOUNTFDTYPE OHCLASS: FDM9000D,bool
DIRECTMOUNTFDTYPE OHCLASS: FDM9025D,bool
Dropout model OHCLASS: DH Dropout,bool
Dropout model OHCLASS: Generic hooded dropout,bool
Dropout model OHCLASS: Generic socket style,bool
Dropout model OHCLASS: Generic tab style,bool
Dropout model OHCLASS: Generic track dropout,bool
Dropout model OHCLASS: Paragon 58 degree relieved ISO mount,bool
"Dropout model OHCLASS: Paragon Wright 1 1/2"" x 1.04"" hooded dropout (6-4 Ti) with Long Cage insert",bool
"Dropout model OHCLASS: Paragon Wright 1 1/2"" x 1.04"" hooded dropout (6-4 Ti) with Shimano Direct insert",bool
"Dropout model OHCLASS: Paragon Wright 1 1/2"" x 1.04"" hooded dropout (6-4 Ti) with Short Cage insert",bool
Dropout model OHCLASS: Rohloff Ausfaller -15,bool
Dropout model OHCLASS: Standard -2a,bool
Dropout model OHCLASS: sliders Hooded,bool
STEM3_MM_RATIO OHCLASS: 0,bool
STEM3_MM_RATIO OHCLASS: 1,bool
HEADTUBEtype OHCLASS: 36mm,bool
HEADTUBEtype OHCLASS: Columbus Spirit CYRA18240,bool
HEADTUBEtype OHCLASS: Columbus integrated tapered,bool
HEADTUBEtype OHCLASS: Domane HT,bool
HEADTUBEtype OHCLASS: KFS 1,bool
HEADTUBEtype OHCLASS: Paragon 105mm tapered,bool
HEADTUBEtype OHCLASS: Paragon 115mm tapered,bool
HEADTUBEtype OHCLASS: Paragon 130mm tapered,bool
HEADTUBEtype OHCLASS: Paragon 150mm tapered,bool
HEADTUBEtype OHCLASS: Paragon 170mm tapered,bool
HEADTUBEtype OHCLASS: Paragon 190mm tapered,bool
HEADTUBEtype OHCLASS: Paragon for 44mm cups,bool
SSAUX1_MM_RATIO OHCLASS: 0,bool
SSAUX1_MM_RATIO OHCLASS: 1,bool
CHAIN_GUARDSTYLE OHCLASS: 0,bool
CHAIN_GUARDSTYLE OHCLASS: 1,bool
CHAIN_GUARDSTYLE OHCLASS: 2,bool
BATTERYmount OHCLASS: DOWNTUBE,bool
BATTERYmount OHCLASS: NONE,bool
BATTERYmount OHCLASS: RACK,bool
BATTERYmount OHCLASS: SEATTUBE,bool
CRANK_POS OHCLASS: 0,bool
CRANK_POS OHCLASS: 1,bool
CRANK_POS OHCLASS: 2,bool
BELTorCHAIN OHCLASS: 0,bool
BELTorCHAIN OHCLASS: 1,bool
TOPTUBEBENDS OHCLASS: 0,bool
TOPTUBEBENDS OHCLASS: 1,bool
Head tube type OHCLASS: 0,bool
Head tube type OHCLASS: 1,bool
Head tube type OHCLASS: 2,bool
Head tube type OHCLASS: 3,bool
Dimension units OHCLASS: 0,bool
Dimension units OHCLASS: 1,bool
Seatpost type OHCLASS: 27.2 X 300mm generic post,bool
Seatpost type OHCLASS: DH Seatpost,bool
Seatpost type OHCLASS: Domane RideTuned Cap,bool
Seatpost type OHCLASS: Kalloy - 1 Bolt 27.2,bool
Seatpost type OHCLASS: Rockshox Reverb Stealth 30.9mm 390mm X 125mm Travel,bool
Seatpost type OHCLASS: Rockshox Reverb Stealth 30.9mm 440mm X 150mm Travel,bool
Seatpost type OHCLASS: Rockshox Reverb Stealth 30.9mm 480mm X 170mm Travel,bool
Seatpost type OHCLASS: Rockshox Reverb Stealth 31.6mm 390mm X 125mm Travel,bool
Seatpost type OHCLASS: Rockshox Reverb Stealth 31.6mm 480mm X 170mm Travel,bool
Seat stay Curv or Rake OHCLASS: 0,bool
Seat stay Curv or Rake OHCLASS: 1,bool
FRONTbrake type OHCLASS: Canti cross,bool
FRONTbrake type OHCLASS: Generic V-Brake,bool
FRONTbrake type OHCLASS: Generic caliper,bool
FRONTbrake type OHCLASS: Shimano V-Brake - VR,bool
CSAUX2_MM_RATIO OHCLASS: 0,bool
CSAUX2_MM_RATIO OHCLASS: 1,bool
Stem type OHCLASS: 100mm -5 degree,bool
Stem type OHCLASS: 100mm 5 degree,bool
Stem type OHCLASS: Bike Friday Style,bool
"Stem type OHCLASS: Brut 100/+6/25,4",bool
Stem type OHCLASS: Mountain DH Stem,bool
FRONTCARGO style OHCLASS: 0,bool
FRONTCARGO style OHCLASS: 1,bool
STEM1_MM_RATIO OHCLASS: 0,bool
STEM1_MM_RATIO OHCLASS: 1,bool
Pump size OHCLASS: IMPEROLARGE,bool
Pump size OHCLASS: IMPEROMEDIUM,bool
Pump size OHCLASS: IMPEROSMALL,bool
Pump size OHCLASS: IMPEROXLARGE,bool
Pump size OHCLASS: IMPEROXXLARGE,bool
Pump size OHCLASS: IMPEROXXXLARGE,bool
PhBlock styleTOPTUBE OHCLASS: 0,bool
PhBlock styleTOPTUBE OHCLASS: 1,bool
MATERIAL OHCLASS: ALUMINIUM,bool
MATERIAL OHCLASS: BAMBOO,bool
MATERIAL OHCLASS: CARBON,bool
MATERIAL OHCLASS: OTHER,bool
MATERIAL OHCLASS: STEEL,bool
MATERIAL OHCLASS: TITANIUM,bool
PumpLocate OHCLASS: 0,bool
PumpLocate OHCLASS: 1,bool
PumpLocate OHCLASS: 2,bool
FRONTdiscB type OHCLASS: Generic 160mm I.S.,bool
FRONTdiscB type OHCLASS: Generic 160mm Post,bool
FRONTdiscB type OHCLASS: Generic Front Flat Mount,bool
CLAMPSTYLE OHCLASS: 0,bool
CLAMPSTYLE OHCLASS: 1,bool
CLAMPSTYLE OHCLASS: 2,bool
SIZE OHCLASS:  ,bool
"SIZE OHCLASS:  14,5 ",bool
SIZE OHCLASS:  56/57,bool
SIZE OHCLASS:  John560,bool
SIZE OHCLASS:  MEDIUM,bool
SIZE OHCLASS:  SMALL,bool
SIZE OHCLASS:  XL,bool
SIZE OHCLASS: -,bool
SIZE OHCLASS: --,bool
SIZE OHCLASS: ---------,bool
SIZE OHCLASS: .,bool
SIZE OHCLASS: 0.505,bool
SIZE OHCLASS: 00,bool
SIZE OHCLASS: 01,bool
SIZE OHCLASS: 1,bool
SIZE OHCLASS: 1 size,bool
SIZE OHCLASS: 1.26,bool
SIZE OHCLASS: 10,bool
SIZE OHCLASS: 10.5,bool
SIZE OHCLASS: 100,bool
SIZE OHCLASS: 11,bool
"SIZE OHCLASS: 11""",bool
"SIZE OHCLASS: 11,5""",bool
"SIZE OHCLASS: 11.5""",bool
"SIZE OHCLASS: 11.8""",bool
SIZE OHCLASS: 12,bool
"SIZE OHCLASS: 12""",bool
SIZE OHCLASS: 12.2,bool
SIZE OHCLASS: 12.5 inch,bool
"SIZE OHCLASS: 12.5""",bool
SIZE OHCLASS: 12/24,bool
SIZE OHCLASS: 12/26,bool
SIZE OHCLASS: 13,bool
"SIZE OHCLASS: 13""",bool
"SIZE OHCLASS: 13,5",bool
"SIZE OHCLASS: 13,5/26",bool
SIZE OHCLASS: 14,bool
SIZE OHCLASS: 14 ,bool
"SIZE OHCLASS: 14""",bool
"SIZE OHCLASS: 14,5",bool
SIZE OHCLASS: 15,bool
"SIZE OHCLASS: 15""",bool
"SIZE OHCLASS: 15,5",bool
"SIZE OHCLASS: 15,5""",bool
"SIZE OHCLASS: 15-1/2""",bool
SIZE OHCLASS: 15.5,bool
SIZE OHCLASS: 16,bool
SIZE OHCLASS: 16 inch ,bool
"SIZE OHCLASS: 16""",bool
SIZE OHCLASS: 16',bool
SIZE OHCLASS: 16'',bool
SIZE OHCLASS: 16.1,bool
SIZE OHCLASS: 16.5,bool
SIZE OHCLASS: 16.5 Long,bool
SIZE OHCLASS: 163 cm,bool
SIZE OHCLASS: 16in - seat tube 40.6cm,bool
SIZE OHCLASS: 16inch,bool
SIZE OHCLASS: 17,bool
"SIZE OHCLASS: 17""",bool
"SIZE OHCLASS: 17,5",bool
"SIZE OHCLASS: 17,5""",bool
SIZE OHCLASS: 17.5,bool
SIZE OHCLASS: 176,bool
SIZE OHCLASS: 18,bool
SIZE OHCLASS: 18 ,bool
"SIZE OHCLASS: 18""",bool
SIZE OHCLASS: 18.5,bool
"SIZE OHCLASS: 18.5""",bool
SIZE OHCLASS: 19,bool
SIZE OHCLASS: 19 inch,bool
SIZE OHCLASS: 19 inches,bool
"SIZE OHCLASS: 19""",bool
SIZE OHCLASS: 19'',bool
"SIZE OHCLASS: 19,5",bool
SIZE OHCLASS: 19.5,bool
"SIZE OHCLASS: 19.5""",bool
SIZE OHCLASS: 19in - seat tube 48.3cm,bool
SIZE OHCLASS: 1SFA,bool
SIZE OHCLASS: 20,bool
SIZE OHCLASS: 20 inch,bool
"SIZE OHCLASS: 20""",bool
SIZE OHCLASS: 20'',bool
"SIZE OHCLASS: 20'' 20.875""",bool
"SIZE OHCLASS: 20,5",bool
"SIZE OHCLASS: 20,5""",bool
"SIZE OHCLASS: 20,7",bool
SIZE OHCLASS: 20.5,bool
"SIZE OHCLASS: 20.5"" XL",bool
"SIZE OHCLASS: 20.5""TT",bool
SIZE OHCLASS: 20.5''TT,bool
SIZE OHCLASS: 20.5TT,bool
"SIZE OHCLASS: 20.75""",bool
SIZE OHCLASS: 21,bool
"SIZE OHCLASS: 21""",bool
"SIZE OHCLASS: 21"" TT",bool
SIZE OHCLASS: 21'',bool
SIZE OHCLASS: 21.25,bool
"SIZE OHCLASS: 21.325"" Top tube",bool
"SIZE OHCLASS: 21.5""",bool
SIZE OHCLASS: 22,bool
"SIZE OHCLASS: 22""",bool
"SIZE OHCLASS: 22"" TT",bool
SIZE OHCLASS: 22.5,bool
"SIZE OHCLASS: 22.5""",bool
SIZE OHCLASS: 23,bool
"SIZE OHCLASS: 23""",bool
SIZE OHCLASS: 24,bool
"SIZE OHCLASS: 24""",bool
SIZE OHCLASS: 24'',bool
SIZE OHCLASS: 24.5,bool
SIZE OHCLASS: 24/27,bool
SIZE OHCLASS: 24in,bool
SIZE OHCLASS: 24inch,bool
"SIZE OHCLASS: 25""",bool
SIZE OHCLASS: 257mm,bool
SIZE OHCLASS: 259,bool
SIZE OHCLASS: 26,bool
SIZE OHCLASS: 26 inch,bool
"SIZE OHCLASS: 26""",bool
SIZE OHCLASS: 26'',bool
SIZE OHCLASS: 26-20,bool
SIZE OHCLASS: 260mm,bool
SIZE OHCLASS: 26i,bool
SIZE OHCLASS: 26x3.7,bool
SIZE OHCLASS: 26´´,bool
SIZE OHCLASS: 26Â´,bool
SIZE OHCLASS: 27,bool
"SIZE OHCLASS: 27""",bool
SIZE OHCLASS: 27..,bool
SIZE OHCLASS: 27/24,bool
"SIZE OHCLASS: 28""",bool
SIZE OHCLASS: 29,bool
"SIZE OHCLASS: 29"" Msize",bool
SIZE OHCLASS: 290mm,bool
SIZE OHCLASS: 29er,bool
SIZE OHCLASS: 2XS,bool
SIZE OHCLASS: 33cm,bool
SIZE OHCLASS: 34,bool
SIZE OHCLASS: 36 inches,bool
"SIZE OHCLASS: 36""",bool
SIZE OHCLASS: 375,bool
SIZE OHCLASS: 38,bool
SIZE OHCLASS: 390mm,bool
SIZE OHCLASS: 4',bool
SIZE OHCLASS: 40,bool
SIZE OHCLASS: 400,bool
SIZE OHCLASS: 41,bool
SIZE OHCLASS: 410,bool
SIZE OHCLASS: 42,bool
SIZE OHCLASS: 420mm,bool
SIZE OHCLASS: 42cm,bool
SIZE OHCLASS: 43,bool
SIZE OHCLASS: 433Reach,bool
SIZE OHCLASS: 435Reach,bool
SIZE OHCLASS: 43cm,bool
SIZE OHCLASS: 44,bool
"SIZE OHCLASS: 44 - 26""",bool
SIZE OHCLASS: 440,bool
SIZE OHCLASS: 45,bool
SIZE OHCLASS: 450,bool
SIZE OHCLASS: 45s,bool
SIZE OHCLASS: 46,bool
"SIZE OHCLASS: 46,5cm",bool
SIZE OHCLASS: 460,bool
SIZE OHCLASS: 466,bool
SIZE OHCLASS: 47,bool
"SIZE OHCLASS: 47,5",bool
SIZE OHCLASS: 470,bool
SIZE OHCLASS: 48,bool
SIZE OHCLASS: 48(50),bool
SIZE OHCLASS: 48.5,bool
SIZE OHCLASS: 48/494 XS UCI-conf.,bool
SIZE OHCLASS: 480,bool
SIZE OHCLASS: 48cm,bool
SIZE OHCLASS: 49,bool
SIZE OHCLASS: 49.5,bool
SIZE OHCLASS: 49.5cm,bool
SIZE OHCLASS: 490,bool
SIZE OHCLASS: 49cm,bool
SIZE OHCLASS: 5,bool
SIZE OHCLASS: 5%/56,bool
SIZE OHCLASS: 5',bool
"SIZE OHCLASS: 5'8""",bool
SIZE OHCLASS: 5-6,bool
SIZE OHCLASS: 50,bool
SIZE OHCLASS: 50 cm,bool
SIZE OHCLASS: 50.5,bool
SIZE OHCLASS: 500,bool
"SIZE OHCLASS: 500mm / 29.5"" standover",bool
SIZE OHCLASS: 50cm,bool
SIZE OHCLASS: 50s,bool
SIZE OHCLASS: 50x52,bool
SIZE OHCLASS: 51,bool
SIZE OHCLASS: 51 (compact),bool
SIZE OHCLASS: 51 cm,bool
SIZE OHCLASS: 51-57,bool
SIZE OHCLASS: 51-59,bool
SIZE OHCLASS: 51.5,bool
SIZE OHCLASS: 510,bool
SIZE OHCLASS: 510 ETT,bool
SIZE OHCLASS: 513,bool
SIZE OHCLASS: 515,bool
SIZE OHCLASS: 515 ETT,bool
SIZE OHCLASS: 51cm,bool
SIZE OHCLASS: 51cm / S,bool
SIZE OHCLASS: 51cm.,bool
SIZE OHCLASS: 51ish,bool
SIZE OHCLASS: 52,bool
"SIZE OHCLASS: 52,5",bool
SIZE OHCLASS: 52-55,bool
SIZE OHCLASS: 52-55.5,bool
SIZE OHCLASS: 52.4,bool
SIZE OHCLASS: 52.5,bool
SIZE OHCLASS: 52.5x 52,bool
SIZE OHCLASS: 52/56,bool
SIZE OHCLASS: 520,bool
SIZE OHCLASS: 520 ETT,bool
SIZE OHCLASS: 525,bool
SIZE OHCLASS: 527,bool
SIZE OHCLASS: 528,bool
SIZE OHCLASS: 52X54,bool
SIZE OHCLASS: 52cm,bool
SIZE OHCLASS: 52ish,bool
SIZE OHCLASS: 52t,bool
SIZE OHCLASS: 52x54,bool
SIZE OHCLASS: 53,bool
SIZE OHCLASS: 53.2,bool
SIZE OHCLASS: 53.5,bool
SIZE OHCLASS: 53/54,bool
SIZE OHCLASS: 530,bool
SIZE OHCLASS: 530 ETT,bool
SIZE OHCLASS: 535,bool
SIZE OHCLASS: 535-PB,bool
SIZE OHCLASS: 53CM,bool
SIZE OHCLASS: 53cm,bool
SIZE OHCLASS: 53t,bool
SIZE OHCLASS: 53x53,bool
SIZE OHCLASS: 54,bool
SIZE OHCLASS: 54 cm,bool
SIZE OHCLASS: 54 x 56,bool
"SIZE OHCLASS: 54,5",bool
SIZE OHCLASS: 54-57,bool
SIZE OHCLASS: 54.5,bool
SIZE OHCLASS: 54.5cm,bool
SIZE OHCLASS: 54/M,bool
SIZE OHCLASS: 540,bool
SIZE OHCLASS: 540-JF,bool
SIZE OHCLASS: 545,bool
SIZE OHCLASS: 545x555,bool
SIZE OHCLASS: 54cm,bool
SIZE OHCLASS: 54cm.,bool
SIZE OHCLASS: 54h,bool
SIZE OHCLASS: 54x50,bool
SIZE OHCLASS: 55,bool
SIZE OHCLASS: 55 custom ,bool
"SIZE OHCLASS: 55,5",bool
SIZE OHCLASS: 55-55,bool
SIZE OHCLASS: 55-56,bool
SIZE OHCLASS: 55.5,bool
SIZE OHCLASS: 55.9cm,bool
SIZE OHCLASS: 550,bool
SIZE OHCLASS: 555,bool
SIZE OHCLASS: 555x560,bool
SIZE OHCLASS: 556,bool
SIZE OHCLASS: 55cm,bool
SIZE OHCLASS: 55cm Compact,bool
SIZE OHCLASS: 55mm,bool
SIZE OHCLASS: 55x54,bool
SIZE OHCLASS: 56,bool
SIZE OHCLASS: 56 / 700,bool
SIZE OHCLASS: 56 c-c 56,bool
SIZE OHCLASS: 56 c-c 57,bool
SIZE OHCLASS: 56 cc-cc 58,bool
SIZE OHCLASS: 56 cm,bool
"SIZE OHCLASS: 56""",bool
SIZE OHCLASS: 56-56,bool
SIZE OHCLASS: 56.1,bool
SIZE OHCLASS: 56.5,bool
SIZE OHCLASS: 560,bool
SIZE OHCLASS: 560tt,bool
SIZE OHCLASS: 565,bool
SIZE OHCLASS: 565x560,bool
SIZE OHCLASS: 566,bool
SIZE OHCLASS: 56?,bool
SIZE OHCLASS: 56cm,bool
SIZE OHCLASS: 56cm TT,bool
SIZE OHCLASS: 56cm.,bool
SIZE OHCLASS: 56cm. ,bool
SIZE OHCLASS: 56ish,bool
SIZE OHCLASS: 56mm,bool
SIZE OHCLASS: 56x52,bool
SIZE OHCLASS: 56x57,bool
SIZE OHCLASS: 57,bool
SIZE OHCLASS: 57 cm,bool
SIZE OHCLASS: 57-56,bool
SIZE OHCLASS: 57.5,bool
SIZE OHCLASS: 57/58,bool
SIZE OHCLASS: 570,bool
SIZE OHCLASS: 570 c-c 565,bool
SIZE OHCLASS: 570ETT,bool
SIZE OHCLASS: 575,bool
SIZE OHCLASS: 575/399,bool
SIZE OHCLASS: 57cm,bool
SIZE OHCLASS: 57mm,bool
SIZE OHCLASS: 57x55.5,bool
SIZE OHCLASS: 57x56,bool
SIZE OHCLASS: 58,bool
SIZE OHCLASS: 58 75ÂºHT,bool
SIZE OHCLASS: 58 cm,bool
SIZE OHCLASS: 58-56,bool
SIZE OHCLASS: 58-57,bool
SIZE OHCLASS: 58.5,bool
SIZE OHCLASS: 580,bool
SIZE OHCLASS: 585,bool
SIZE OHCLASS: 58cm,bool
SIZE OHCLASS: 58cm.,bool
SIZE OHCLASS: 58cm/ct,bool
SIZE OHCLASS: 58cms,bool
SIZE OHCLASS: 58ish,bool
SIZE OHCLASS: 58st-59tt,bool
SIZE OHCLASS: 59,bool
SIZE OHCLASS: 59*60,bool
SIZE OHCLASS: 59-56,bool
SIZE OHCLASS: 59-57,bool
SIZE OHCLASS: 59.5,bool
SIZE OHCLASS: 59/58,bool
SIZE OHCLASS: 590,bool
SIZE OHCLASS: 59cc,bool
SIZE OHCLASS: 59cm,bool
SIZE OHCLASS: 59cm.,bool
SIZE OHCLASS: 60,bool
SIZE OHCLASS: 60 cm,bool
SIZE OHCLASS: 60-55.75,bool
SIZE OHCLASS: 60-56,bool
SIZE OHCLASS: 60-57,bool
SIZE OHCLASS: 60-58,bool
SIZE OHCLASS: 600,bool
"SIZE OHCLASS: 600,5",bool
SIZE OHCLASS: 605,bool
SIZE OHCLASS: 60cm,bool
SIZE OHCLASS: 60cm TT,bool
SIZE OHCLASS: 61,bool
SIZE OHCLASS: 61 cm,bool
SIZE OHCLASS: 61*58,bool
SIZE OHCLASS: 61-57,bool
SIZE OHCLASS: 610,bool
SIZE OHCLASS: 610S,bool
SIZE OHCLASS: 616,bool
SIZE OHCLASS: 61cm,bool
SIZE OHCLASS: 61x60cm,bool
SIZE OHCLASS: 62,bool
SIZE OHCLASS: 62-57,bool
SIZE OHCLASS: 62-59,bool
SIZE OHCLASS: 62.5,bool
SIZE OHCLASS: 623ETT,bool
SIZE OHCLASS: 628mm,bool
SIZE OHCLASS: 62cm,bool
SIZE OHCLASS: 63,bool
SIZE OHCLASS: 63 cm,bool
SIZE OHCLASS: 63 cm (CC),bool
SIZE OHCLASS: 63-57,bool
SIZE OHCLASS: 63-58,bool
SIZE OHCLASS: 63.5,bool
SIZE OHCLASS: 63.5cm,bool
SIZE OHCLASS: 635,bool
SIZE OHCLASS: 64,bool
SIZE OHCLASS: 64 c-c 57,bool
SIZE OHCLASS: 64-57,bool
SIZE OHCLASS: 64cm,bool
SIZE OHCLASS: 65,bool
SIZE OHCLASS: 65 cm,bool
SIZE OHCLASS: 650Bx40,bool
SIZE OHCLASS: 650c,bool
SIZE OHCLASS: 66,bool
SIZE OHCLASS: 66cm,bool
SIZE OHCLASS: 67,bool
SIZE OHCLASS: 68,bool
SIZE OHCLASS: 68.5cm,bool
SIZE OHCLASS: 6ft Rider,bool
SIZE OHCLASS: 7-8,bool
SIZE OHCLASS: 700*40,bool
SIZE OHCLASS: 700C,bool
SIZE OHCLASS: 700c,bool
SIZE OHCLASS: 75 71,bool
SIZE OHCLASS: 80,bool
SIZE OHCLASS: :Large,bool
SIZE OHCLASS: ?,bool
SIZE OHCLASS: ??,bool
SIZE OHCLASS: ???,bool
SIZE OHCLASS: ADIVARI,bool
SIZE OHCLASS: BIG GRRL,bool
SIZE OHCLASS: Big,bool
SIZE OHCLASS: Bigg,bool
SIZE OHCLASS: Custom,bool
SIZE OHCLASS: Custom ,bool
SIZE OHCLASS: Custom Womens,bool
SIZE OHCLASS: EPIC,bool
SIZE OHCLASS: FUCKIN LARGE,bool
SIZE OHCLASS: Huge,bool
SIZE OHCLASS: JB,bool
SIZE OHCLASS: Kruiser,bool
SIZE OHCLASS: L,bool
SIZE OHCLASS: L ,bool
SIZE OHCLASS: L (Short TT),bool
"SIZE OHCLASS: L(18.5"")",bool
SIZE OHCLASS: L(54cm),bool
"SIZE OHCLASS: L-22.5""",bool
SIZE OHCLASS: L/56,bool
SIZE OHCLASS: LARGE,bool
SIZE OHCLASS: LG,bool
SIZE OHCLASS: LINDSAY,bool
SIZE OHCLASS: LOOSE,bool
SIZE OHCLASS: Large,bool
SIZE OHCLASS: M,bool
SIZE OHCLASS: M ,bool
SIZE OHCLASS: M (54),bool
SIZE OHCLASS: M (I think),bool
SIZE OHCLASS: M - seat post 48cm,bool
SIZE OHCLASS: M - seat tube 44.4cm,bool
SIZE OHCLASS: M - seat tube 48cm,bool
SIZE OHCLASS: M - seat tube 50cm,bool
SIZE OHCLASS: M - seat tube 51cm,bool
SIZE OHCLASS: M - seat tube 53cm,bool
SIZE OHCLASS: M / 553,bool
SIZE OHCLASS: M / L,bool
SIZE OHCLASS: M // 54,bool
"SIZE OHCLASS: M(18.0"")",bool
SIZE OHCLASS: M-L,bool
SIZE OHCLASS: M/54,bool
SIZE OHCLASS: M/56,bool
SIZE OHCLASS: M/L,bool
SIZE OHCLASS: M/L (custom),bool
SIZE OHCLASS: MCP,bool
SIZE OHCLASS: MD-Long,bool
SIZE OHCLASS: MED,bool
SIZE OHCLASS: MEDIUM,bool
SIZE OHCLASS: ML,bool
SIZE OHCLASS: Med,bool
SIZE OHCLASS: Med 27.5+,bool
SIZE OHCLASS: Medium,bool
SIZE OHCLASS: Medium ,bool
SIZE OHCLASS: Men's,bool
SIZE OHCLASS: My Size,bool
SIZE OHCLASS: NONE,bool
SIZE OHCLASS: NSBIKES,bool
SIZE OHCLASS: Niner Air 9 Carbon L,bool
SIZE OHCLASS: One Size Fits All,bool
SIZE OHCLASS: One size fits most,bool
SIZE OHCLASS: P,bool
SIZE OHCLASS: PERFECT FIT,bool
SIZE OHCLASS: Q,bool
SIZE OHCLASS: R:24-F:20,bool
SIZE OHCLASS: Red,bool
SIZE OHCLASS: S,bool
SIZE OHCLASS: S (50),bool
SIZE OHCLASS: S / 48cm,bool
SIZE OHCLASS: S mullet,bool
SIZE OHCLASS: S/52,bool
SIZE OHCLASS: S/M,bool
SIZE OHCLASS: SM,bool
SIZE OHCLASS: SMALL,bool
SIZE OHCLASS: Short,bool
SIZE OHCLASS: Side swiper,bool
SIZE OHCLASS: Small,bool
SIZE OHCLASS: Special,bool
SIZE OHCLASS: Tiny,bool
SIZE OHCLASS: Troy,bool
SIZE OHCLASS: UNKLAR,bool
SIZE OHCLASS: Unknown,bool
SIZE OHCLASS: Very BIG,bool
SIZE OHCLASS: X SMALL,bool
SIZE OHCLASS: X-Large,bool
SIZE OHCLASS: XL,bool
SIZE OHCLASS: XS,bool
SIZE OHCLASS: XS430mm,bool
SIZE OHCLASS: XX,bool
SIZE OHCLASS: XXL,bool
SIZE OHCLASS: XXS,bool
SIZE OHCLASS: XXXL,bool
SIZE OHCLASS: YOUR CHOICE,bool
SIZE OHCLASS: a,bool
SIZE OHCLASS: aerobike,bool
SIZE OHCLASS: asd,bool
SIZE OHCLASS: asdasd,bool
SIZE OHCLASS: bespoke,bool
SIZE OHCLASS: big,bool
SIZE OHCLASS: big frame,bool
SIZE OHCLASS: bike 4,bool
SIZE OHCLASS: c-c 56x56,bool
SIZE OHCLASS: custom,bool
SIZE OHCLASS: custon,bool
SIZE OHCLASS: dfj,bool
SIZE OHCLASS: dfsag,bool
SIZE OHCLASS: dfssFASFF,bool
SIZE OHCLASS: dsff,bool
SIZE OHCLASS: dsffs,bool
SIZE OHCLASS: eu,bool
SIZE OHCLASS: fdgksnbkjdnbksdhfffu,bool
SIZE OHCLASS: fdvasb,bool
SIZE OHCLASS: fernandin,bool
SIZE OHCLASS: fhfh,bool
SIZE OHCLASS: full,bool
SIZE OHCLASS: gf,bool
SIZE OHCLASS: hua,bool
SIZE OHCLASS: l,bool
SIZE OHCLASS: large,bool
SIZE OHCLASS: large ,bool
SIZE OHCLASS: lk,bool
SIZE OHCLASS: long,bool
SIZE OHCLASS: lrg,bool
SIZE OHCLASS: luiz fernando,bool
SIZE OHCLASS: m,bool
"SIZE OHCLASS: m,l",bool
SIZE OHCLASS: make by size,bool
SIZE OHCLASS: me,bool
SIZE OHCLASS: med,bool
SIZE OHCLASS: med.,bool
SIZE OHCLASS: medium,bool
SIZE OHCLASS: medius,bool
SIZE OHCLASS: mine,bool
SIZE OHCLASS: mini,bool
SIZE OHCLASS: my,bool
SIZE OHCLASS: nkjos,bool
SIZE OHCLASS: none,bool
SIZE OHCLASS: normal,bool
SIZE OHCLASS: one,bool
SIZE OHCLASS: one size,bool
SIZE OHCLASS: park,bool
SIZE OHCLASS: pequeÃ±a,bool
SIZE OHCLASS: perfect,bool
SIZE OHCLASS: proxxxl,bool
SIZE OHCLASS: s,bool
SIZE OHCLASS: s/15.5,bool
SIZE OHCLASS: sabvadvb,bool
SIZE OHCLASS: scv.jslv,bool
SIZE OHCLASS: sff,bool
SIZE OHCLASS: slack 72,bool
SIZE OHCLASS: small,bool
SIZE OHCLASS: test,bool
SIZE OHCLASS: uni,bool
SIZE OHCLASS: wheels 26,bool
SIZE OHCLASS: xl,bool
SIZE OHCLASS: xm,bool
SIZE OHCLASS: xs,bool
SIZE OHCLASS: xsmall,bool
SIZE OHCLASS: xt,bool
SIZE OHCLASS: xx,bool
SIZE OHCLASS: xxl,bool
SIZE OHCLASS: xxl-6deg,bool
SIZE OHCLASS: xxs,bool
SIZE OHCLASS: xxxxs,bool
SIZE OHCLASS: zfzf,bool
SIZE OHCLASS: zv,bool
SIZE OHCLASS: ~14,bool
SIZE OHCLASS: ~M,bool
StaticDropout OHCLASS: ADG_400,bool
StaticDropout OHCLASS: BINGHAM_12CON,bool
StaticDropout OHCLASS: BREADWINNER_LOW_MOUNT,bool
StaticDropout OHCLASS: BREADWINNER_ROAD_V2,bool
StaticDropout OHCLASS: BREADWINNER_SS,bool
StaticDropout OHCLASS: DR0001,bool
StaticDropout OHCLASS: DR0004,bool
StaticDropout OHCLASS: DR0008,bool
StaticDropout OHCLASS: DR0009,bool
StaticDropout OHCLASS: DR0012,bool
StaticDropout OHCLASS: DR0019,bool
StaticDropout OHCLASS: DR0022,bool
StaticDropout OHCLASS: DR0026,bool
StaticDropout OHCLASS: DR0030,bool
StaticDropout OHCLASS: DR0034,bool
StaticDropout OHCLASS: DR0040,bool
StaticDropout OHCLASS: DR0065,bool
StaticDropout OHCLASS: DR0090,bool
StaticDropout OHCLASS: DR0092,bool
StaticDropout OHCLASS: DR0097,bool
StaticDropout OHCLASS: DR2038,bool
StaticDropout OHCLASS: DR2085,bool
StaticDropout OHCLASS: DR2090,bool
StaticDropout OHCLASS: DS0001,bool
StaticDropout OHCLASS: DS0004,bool
StaticDropout OHCLASS: DS0030,bool
StaticDropout OHCLASS: DS0035,bool
StaticDropout OHCLASS: DS0090,bool
StaticDropout OHCLASS: DS0091,bool
StaticDropout OHCLASS: Fat Chance Yo Eddy,bool
StaticDropout OHCLASS: FatChanceYoEddy2018,bool
StaticDropout OHCLASS: Festka_Road,bool
StaticDropout OHCLASS: Festka_Track,bool
StaticDropout OHCLASS: Field_NMOTS_02,bool
StaticDropout OHCLASS: LOCOR56Hrz,bool
StaticDropout OHCLASS: LOCOR56X12,bool
StaticDropout OHCLASS: LOCOR56X12Kompakt,bool
StaticDropout OHCLASS: LOCOX12,bool
StaticDropout OHCLASS: LOCO_13_Hooded_Hrz,bool
StaticDropout OHCLASS: LOCO_15_Hooded_Hrz,bool
StaticDropout OHCLASS: LOCO_15_Hooded_Vrt,bool
StaticDropout OHCLASS: NOVA14212,bool
StaticDropout OHCLASS: PD000,bool
StaticDropout OHCLASS: RS64,bool
StaticDropout OHCLASS: RS72,bool
nCSAUX2_MM_RATIO OHCLASS: 0,bool
nCSAUX2_MM_RATIO OHCLASS: 1,bool
Dropout spacing style OHCLASS: 0,bool
Dropout spacing style OHCLASS: 1,bool
Dropout spacing style OHCLASS: 2,bool
Dropout spacing style OHCLASS: 3,bool
RIM_STYLE front OHCLASS: DISC,bool
RIM_STYLE front OHCLASS: SPOKED,bool
RIM_STYLE front OHCLASS: TRISPOKE,bool
SSAUX2_MM_RATIO OHCLASS: 0,bool
SSAUX2_MM_RATIO OHCLASS: 1,bool
SPROCKETS type OHCLASS: 1-speed 16T,bool
SPROCKETS type OHCLASS: 1-speed 17T,bool
SPROCKETS type OHCLASS: 1-speed 18T,bool
SPROCKETS type OHCLASS: 1-speed 20T,bool
SPROCKETS type OHCLASS: 10-speed 11-23,bool
SPROCKETS type OHCLASS: 10-speed 11-25,bool
SPROCKETS type OHCLASS: 10-speed 11-28,bool
SPROCKETS type OHCLASS: 10-speed 11-30,bool
SPROCKETS type OHCLASS: 10-speed 11-32,bool
SPROCKETS type OHCLASS: 10-speed 11-34,bool
SPROCKETS type OHCLASS: 10-speed 12-23,bool
SPROCKETS type OHCLASS: 10-speed 12-25,bool
SPROCKETS type OHCLASS: 10-speed 12-28,bool
SPROCKETS type OHCLASS: 10-speed 12-30,bool
SPROCKETS type OHCLASS: 10-speed 12-32,bool
SPROCKETS type OHCLASS: 10-speed 13-25,bool
SPROCKETS type OHCLASS: 10-speed 14-28,bool
SPROCKETS type OHCLASS: 11-29,bool
SPROCKETS type OHCLASS: 11-speed 11-30,bool
SPROCKETS type OHCLASS: 11-speed 11-40,bool
SPROCKETS type OHCLASS: 11-speed 12-30,bool
SPROCKETS type OHCLASS: 7-speed 11-28,bool
SPROCKETS type OHCLASS: 7-speed 11-32,bool
SPROCKETS type OHCLASS: 8-speed 12-23,bool
SPROCKETS type OHCLASS: 8-speed 12-25,bool
SPROCKETS type OHCLASS: 8-speed 12-28,bool
SPROCKETS type OHCLASS: 8-speed 12-32,bool
SPROCKETS type OHCLASS: 9-speed 11-25,bool
SPROCKETS type OHCLASS: 9-speed 11-28,bool
SPROCKETS type OHCLASS: 9-speed 11-30,bool
SPROCKETS type OHCLASS: 9-speed 11-32,bool
SPROCKETS type OHCLASS: 9-speed 12-23,bool
SPROCKETS type OHCLASS: 9-speed 12-25,bool
SPROCKETS type OHCLASS: 9-speed 12-28,bool
SPROCKETS type OHCLASS: 9-speed 12-30,bool
SPROCKETS type OHCLASS: 9-speed 12-32,bool
SPROCKETS type OHCLASS: Sram XX1 XG1199,bool
SPROCKETS type OHCLASS: XX1 Like,bool
PhBlock typeDOWNTUBE OHCLASS: 32mm Sputnik,bool
PhBlock typeDOWNTUBE OHCLASS: 48mm Sputnik,bool
SEATTUBEBENDS OHCLASS: 0,bool
SEATTUBEBENDS OHCLASS: 1,bool
DropoutParamOrStatic OHCLASS: 0,bool
DropoutParamOrStatic OHCLASS: 1,bool
nSeat stay mount location OHCLASS: 0,bool
nSeat stay mount location OHCLASS: 1,bool
nSeat stay mount location OHCLASS: 2,bool
nSeat stay mount location OHCLASS: 3,bool
nSeat stay mount location OHCLASS: 4,bool
ShoeTipOrCleatX OHCLASS: 0,bool
ShoeTipOrCleatX OHCLASS: 1,bool
nSSAUX2_MM_RATIO OHCLASS: 0,bool
nSSAUX2_MM_RATIO OHCLASS: 1,bool
GEARBOXtype OHCLASS: BOSCH_STEEL_NODE_V23A,bool
GEARBOXtype OHCLASS: BafangM800,bool
GEARBOXtype OHCLASS: BafangMMG330250,bool
GEARBOXtype OHCLASS: PINIONP118,bool
GEARBOXtype OHCLASS: PINIONP118withSTEEL_BRIDGE,bool
GEARBOXtype OHCLASS: SHIMANO_STEPS_6000,bool
GEARBOXtype OHCLASS: SHIMANO_STEPS_6000_WITH_MOTOR_CABINET,bool
GEARBOXtype OHCLASS: SHIMANO_STEPS_8000_WITH_MOTOR_CABINET,bool
dropoutInsert OHCLASS: DR2063,bool
dropoutInsert OHCLASS: DR4001,bool
dropoutInsert OHCLASS: DR4002,bool
dropoutInsert OHCLASS: DR4005_DR4009,bool
dropoutInsert OHCLASS: DR4005_DR4013,bool
dropoutInsert OHCLASS: DR4005_DR4025,bool
dropoutInsert OHCLASS: DR4011_DR4009,bool
dropoutInsert OHCLASS: DR4014_DR4016,bool
dropoutInsert OHCLASS: DR4015_DR4016,bool
dropoutInsert OHCLASS: DR4030_DR4029,bool
dropoutInsert OHCLASS: DR4031_DR4029,bool
dropoutInsert OHCLASS: DR4032_DR4027,bool
dropoutInsert OHCLASS: DR4034,bool
dropoutInsert OHCLASS: DR4037_DR4027,bool
dropoutInsert OHCLASS: DR4039_DR4027,bool
dropoutInsert OHCLASS: DR4042_DR4029,bool
dropoutInsert OHCLASS: DR4042_DR4048,bool
dropoutInsert OHCLASS: DR4043_DR4029,bool
dropoutInsert OHCLASS: DR4044_DR4027,bool
dropoutInsert OHCLASS: DR4045_DR4009,bool
dropoutInsert OHCLASS: DR4045_DR4025,bool
dropoutInsert OHCLASS: DR4090,bool
dropoutInsert OHCLASS: NONE,bool
dropoutInsert OHCLASS: PA401_PA402,bool
dropoutInsert OHCLASS: PA417_PA410,bool
dropoutInsert OHCLASS: PA427_PA410,bool
dropoutInsert OHCLASS: PA441_PA430,bool
dropoutInsert OHCLASS: Paragon DR4033,bool
dropoutInsert OHCLASS: Paragon DR4035,bool
dropoutInsert OHCLASS: Paragon DR4038,bool
dropoutInsert OHCLASS: Paragon DR4040,bool
dropoutInsert OHCLASS: SY4013,bool
dropoutInsert OHCLASS: WELD_ON_DISC_TAB,bool
HORIZONTAL_TOP OHCLASS: 0,bool
HORIZONTAL_TOP OHCLASS: 1,bool
HORIZONTAL_TOP OHCLASS: 2,bool
CARGO style OHCLASS: 0,bool
CARGO style OHCLASS: 1,bool
PANNIER style OHCLASS: 0,bool
PANNIER style OHCLASS: 1,bool
REARdiscB type OHCLASS: Generic 160mm I.S.,bool
REARdiscB type OHCLASS: Generic 180mm I.S.,bool
REARdiscB type OHCLASS: Generic Rear Flat Mount,bool
spc type OHCLASS: 0,bool
spc type OHCLASS: 1,bool
spc type OHCLASS: 2,bool
spc type OHCLASS: 3,bool
FRONTRack style OHCLASS: 0,bool
FRONTRack style OHCLASS: 1,bool
Cranks type OHCLASS: 170 Campy Record,bool
Cranks type OHCLASS: 170 SRAM RED,bool
Cranks type OHCLASS: 170 SRAM XX,bool
Cranks type OHCLASS: 170 Shimano Road,bool
Cranks type OHCLASS: 172.5 44/32/22,bool
Cranks type OHCLASS: 172.5 50/36,bool
Cranks type OHCLASS: 172.5 52/42,bool
Cranks type OHCLASS: 172.5 53/39,bool
Cranks type OHCLASS: 175 Campy Record,bool
Cranks type OHCLASS: 175 SRAM RED,bool
Cranks type OHCLASS: 175 SRAM XX,bool
Cranks type OHCLASS: 175 Shimano Road,bool
Cranks type OHCLASS: 2 Speed DH Crank and Chain,bool
Cranks type OHCLASS: Campy Record,bool
Cranks type OHCLASS: DH Mountain Crank,bool
Cranks type OHCLASS: Miche Sugino 44/170,bool
Cranks type OHCLASS: Miranda 38/170,bool
Cranks type OHCLASS: Mr Whirly 100mm WMWOB,bool
Cranks type OHCLASS: Shimano XT,bool
Pedals style OHCLASS: 0,bool
Pedals style OHCLASS: 1,bool
Aerobar style OHCLASS: 0,bool
Aerobar style OHCLASS: 1,bool
SHIFTERtype OHCLASS: 0,bool
SHIFTERtype OHCLASS: 1,bool
SHIFTERtype OHCLASS: 2,bool
BarEndShiftType OHCLASS: 0,bool
BarEndShiftType OHCLASS: 1,bool
MOUNT_TYPE OHCLASS: BRAZEON,bool
MOUNT_TYPE OHCLASS: CLAMP,bool
MOUNT_TYPE OHCLASS: DIRECT_MOUNT,bool
Stem kind OHCLASS: 0,bool
Stem kind OHCLASS: 1,bool
Stem kind OHCLASS: 2,bool
BRAKEMOUNT_TO OHCLASS: 0,bool
BRAKEMOUNT_TO OHCLASS: 1,bool
nSSAUX1_MM_RATIO OHCLASS: 0,bool
nSSAUX1_MM_RATIO OHCLASS: 1,bool
Yoke type OHCLASS: KONGA,bool
Yoke type OHCLASS: PP0011,bool
Fork type OHCLASS: 0,bool
Fork type OHCLASS: 1,bool
Fork type OHCLASS: 2,bool
nCSAUX1_MM_RATIO OHCLASS: 0,bool
nCSAUX1_MM_RATIO OHCLASS: 1,bool
RIM_STYLE rear OHCLASS: DISC,bool
RIM_STYLE rear OHCLASS: SPOKED,bool
RIM_STYLE rear OHCLASS: TRISPOKE,bool
Rack style OHCLASS: 0,bool
Rack style OHCLASS: 1,bool
EYELETS OHCLASS: 0,bool
EYELETS OHCLASS: 1,bool
EYELETS OHCLASS: 2,bool
nSeat stay Curv or Rake OHCLASS: 0,bool
nSeat stay Curv or Rake OHCLASS: 1,bool
Brake lever brand OHCLASS: CAMPAGNOLO,bool
Brake lever brand OHCLASS: CAMPAGNOLO_BAR_END,bool
Brake lever brand OHCLASS: SHIMANO,bool
Brake lever brand OHCLASS: SHIMANO_2012,bool
Brake lever brand OHCLASS: SRAM,bool
Brake lever brand OHCLASS: TEKTRO,bool
PhBlock styleDOWNTUBE OHCLASS: 0,bool
PhBlock styleDOWNTUBE OHCLASS: 1,bool
Pedals type OHCLASS: Egg Beaters,bool
Pedals type OHCLASS: Generic Road Clipless,bool
Pedals type OHCLASS: Generic platform,bool
Pedals type OHCLASS: Keywin CRM +6,bool
Pedals type OHCLASS: Look Keo Blade,bool
Pedals type OHCLASS: SPDlike,bool
Pedals type OHCLASS: Shimano Ultegra,bool
Pedals type OHCLASS: Speedplay,bool
Pedals type OHCLASS: Tecora - Anti Rutsch,bool
Pedals type OHCLASS: XTR SPD,bool
Hand position OHCLASS: 0,bool
Hand position OHCLASS: 1,bool
Hand position OHCLASS: 2,bool
Hand position OHCLASS: 3,bool
"Wheel choice rear OHCLASS: 20 X 1.75""",bool
"Wheel choice rear OHCLASS: 20 X 1.75"" Mag",bool
"Wheel choice rear OHCLASS: 24"" (ETRTO 47-507)",bool
"Wheel choice rear OHCLASS: 24"" (ETRTO 54-507)",bool
"Wheel choice rear OHCLASS: 26 X 1 3/8""",bool
"Wheel choice rear OHCLASS: 26 X 1""",bool
"Wheel choice rear OHCLASS: 26 X 1.25""",bool
"Wheel choice rear OHCLASS: 26 X 1.5""",bool
"Wheel choice rear OHCLASS: 26 X 1.9/1.95""",bool
"Wheel choice rear OHCLASS: 26 X 2.125/2.2""",bool
"Wheel choice rear OHCLASS: 26"" Aerospoke",bool
"Wheel choice rear OHCLASS: 26"" tubular",bool
"Wheel choice rear OHCLASS: 27 X 1 1/4""",bool
"Wheel choice rear OHCLASS: 27 X 1""",bool
"Wheel choice rear OHCLASS: 27 X 7/8""",bool
Wheel choice rear OHCLASS: 28/Sputnik-36L/Alfine8-11/42-622,bool
"Wheel choice rear OHCLASS: 29"" X 2.2""",bool
"Wheel choice rear OHCLASS: 36"" X 2 1/4""",bool
Wheel choice rear OHCLASS: 650 X 28B,bool
Wheel choice rear OHCLASS: 650 X 32B,bool
Wheel choice rear OHCLASS: 650 X 42B,bool
Wheel choice rear OHCLASS: 650B Mtn,bool
Wheel choice rear OHCLASS: 700 X 20c,bool
Wheel choice rear OHCLASS: 700 X 21c,bool
Wheel choice rear OHCLASS: 700 X 23c,bool
Wheel choice rear OHCLASS: 700 X 23c Trispoke,bool
Wheel choice rear OHCLASS: 700 X 25c,bool
Wheel choice rear OHCLASS: 700 X 28c,bool
Wheel choice rear OHCLASS: 700 X 32c,bool
Wheel choice rear OHCLASS: 700 X 35c,bool
Wheel choice rear OHCLASS: 700c tubular,bool
Wheel choice rear OHCLASS: 700x25-kilometro-rear,bool
Wheel choice rear OHCLASS: DA900 C24 TL,bool
Wheel choice rear OHCLASS: Fulcrum 1 F,bool
Wheel choice rear OHCLASS: Fulcrum 1 R,bool
Wheel choice rear OHCLASS: HED Jet F,bool
Wheel choice rear OHCLASS: HED Jet R,bool
Wheel choice rear OHCLASS: Mavic Ksyrium F,bool
Wheel choice rear OHCLASS: Mavic Ksyrium R,bool
Wheel choice rear OHCLASS: Mountain Bike Wheel 26Tyre,bool
Wheel choice rear OHCLASS: Phil Snow 170 Clown Shue BLF,bool
Wheel choice rear OHCLASS: Reynolds Strike F,bool
Wheel choice rear OHCLASS: Reynolds Strike R,bool
Wheel choice rear OHCLASS: Shimano Alfine SG-S705,bool
Wheel choice rear OHCLASS: Shimano c24 F,bool
Wheel choice rear OHCLASS: Shimano c24 R,bool
Wheel choice rear OHCLASS: Zipp 404 F,bool
Wheel choice rear OHCLASS: Zipp 404 R,bool
REARbrake type OHCLASS: Canti cross,bool
REARbrake type OHCLASS: Generic V-Brake,bool
REARbrake type OHCLASS: Generic caliper,bool
REARbrake type OHCLASS: Shimano V-Brake - HR,bool
PumpTube OHCLASS: 0,bool
PumpTube OHCLASS: 1,bool
PumpTube OHCLASS: 2,bool
PumpTube OHCLASS: 3,bool
PumpTube OHCLASS: 4,bool
CLAMPFDTYPE OHCLASS: FD9000B,bool
CLAMPFDTYPE OHCLASS: FDM9000L,bool
Chain stay trad wish yoke OHCLASS: 0,bool
Chain stay trad wish yoke OHCLASS: 1,bool
Chain stay trad wish yoke OHCLASS: 2,bool
CSAUX1_MM_RATIO OHCLASS: 0,bool
CSAUX1_MM_RATIO OHCLASS: 1,bool
Pedal style OHCLASS: 0,bool
Pedal style OHCLASS: 1,bool
Pedal style OHCLASS: 2,bool
"Wheel choice front OHCLASS: 20 X 1.75""",bool
"Wheel choice front OHCLASS: 20 X 1.75"" Mag",bool
"Wheel choice front OHCLASS: 24"" (ETRTO 47-507)",bool
"Wheel choice front OHCLASS: 24"" (ETRTO 54-507)",bool
"Wheel choice front OHCLASS: 26 X 1 3/8""",bool
"Wheel choice front OHCLASS: 26 X 1""",bool
"Wheel choice front OHCLASS: 26 X 1.25""",bool
"Wheel choice front OHCLASS: 26 X 1.5""",bool
"Wheel choice front OHCLASS: 26 X 1.9/1.95""",bool
"Wheel choice front OHCLASS: 26 X 2.125/2.2""",bool
"Wheel choice front OHCLASS: 26"" Aerospoke",bool
"Wheel choice front OHCLASS: 26"" tubular",bool
"Wheel choice front OHCLASS: 27 X 1 1/4""",bool
"Wheel choice front OHCLASS: 27 X 1""",bool
"Wheel choice front OHCLASS: 27 X 7/8""",bool
Wheel choice front OHCLASS: 28/Sputnik-32L/SON28/60-622,bool
Wheel choice front OHCLASS: 28/Sputnik-36L/Alfine8-11/42-622,bool
"Wheel choice front OHCLASS: 29"" X 2.2""",bool
"Wheel choice front OHCLASS: 36"" X 2 1/4""",bool
Wheel choice front OHCLASS: 650 X 28B,bool
Wheel choice front OHCLASS: 650 X 32B,bool
Wheel choice front OHCLASS: 650 X 42B,bool
Wheel choice front OHCLASS: 650B Mtn,bool
Wheel choice front OHCLASS: 700 X 20c,bool
Wheel choice front OHCLASS: 700 X 21c,bool
Wheel choice front OHCLASS: 700 X 23c,bool
Wheel choice front OHCLASS: 700 X 23c Trispoke,bool
Wheel choice front OHCLASS: 700 X 25c,bool
Wheel choice front OHCLASS: 700 X 28c,bool
Wheel choice front OHCLASS: 700 X 32c,bool
Wheel choice front OHCLASS: 700 X 35c,bool
Wheel choice front OHCLASS: 700c tubular,bool
Wheel choice front OHCLASS: Fulcrum 1 F,bool
Wheel choice front OHCLASS: Fulcrum 1 R,bool
Wheel choice front OHCLASS: HED Jet F,bool
Wheel choice front OHCLASS: HED Jet R,bool
Wheel choice front OHCLASS: Mavic Ksyrium F,bool
Wheel choice front OHCLASS: Mavic Ksyrium R,bool
Wheel choice front OHCLASS: Mountain Bike Wheel 26Tyre,bool
Wheel choice front OHCLASS: Phil Snow 170 Clown Shue BLF,bool
Wheel choice front OHCLASS: Reynolds Strike F,bool
Wheel choice front OHCLASS: Reynolds Strike R,bool
Wheel choice front OHCLASS: Shimano c24 F,bool
Wheel choice front OHCLASS: Shimano c24 R,bool
Wheel choice front OHCLASS: Zipp 404 F,bool
Wheel choice front OHCLASS: Zipp 404 R,bool
HEADSETprofile OHCLASS: 0,bool
HEADSETprofile OHCLASS: 1,bool
HEADSETprofile OHCLASS: 2,bool
HEADSETprofile OHCLASS: 3,bool
HEADSETprofile OHCLASS: 4,bool
CORNERstyle OHCLASS: 0,bool
CORNERstyle OHCLASS: 1,bool
CORNERstyle OHCLASS: 2,bool
Seat tube type OHCLASS: 0,bool
Seat tube type OHCLASS: 1,bool
Seat tube type OHCLASS: 2,bool
FRONTbrake kind OHCLASS: 0,bool
FRONTbrake kind OHCLASS: 1,bool
PhBlock typeTOPTUBE OHCLASS: 32mm Sputnik,bool
PhBlock typeTOPTUBE OHCLASS: 48mm Sputnik,bool
DROPOUT STYLE OHCLASS: HOODED_DROPOUT,bool
DROPOUT STYLE OHCLASS: PLATE_STYLE_DROPOUT,bool
DROPOUT STYLE OHCLASS: SOCKET_STYLE_DROPOUT,bool
Pumporient OHCLASS: 0,bool
Pumporient OHCLASS: 2,bool
Pumporient OHCLASS: 3,bool
nCSAUX3_MM_RATIO OHCLASS: 0,bool
nCSAUX3_MM_RATIO OHCLASS: 1,bool
LRPANNIER style OHCLASS: 0,bool
LRPANNIER style OHCLASS: 1,bool
LR style OHCLASS: 0,bool
LR style OHCLASS: 1,bool
Fit scheme OHCLASS: Cyclocross,bool
Fit scheme OHCLASS: MTB,bool
Fit scheme OHCLASS: Road,bool
Fit scheme OHCLASS: Time trial,bool
Fork choice OHCLASS: 150 mm Travel MTB Forks,bool
Fork choice OHCLASS: BlackMagic,bool
Fork choice OHCLASS: Dual Crown Rigid Fork,bool
Fork choice OHCLASS: Enve 2.0 tapered 45 rake,bool
"Fork choice OHCLASS: Foxlike 26"" 100mm Travel",bool
Fork choice OHCLASS: Foxlike F29 100mm Travel,bool
Fork choice OHCLASS: Generic Curved Blade 45mm,bool
Fork choice OHCLASS: Generic Curved Blade 50mm,bool
Fork choice OHCLASS: Generic Cyclocross,bool
Fork choice OHCLASS: Generic Straight Blade 45mm,bool
Fork choice OHCLASS: Generic Straight Blade 50mm,bool
Fork choice OHCLASS: KFS Unicrown 40-622/V60mm,bool
Fork choice OHCLASS: Moonlander,bool
Fork choice OHCLASS: Poison Disc 60-622/430-47,bool
Fork choice OHCLASS: RockShox Revelation (150 mm travel),bool
Fork choice OHCLASS: Suspension Fork 100mm Travel,bool
Fork choice OHCLASS: Suspension Fork 150mm Travel,bool
Fork choice OHCLASS: Suspension Fork 80mm Travel,bool
Fork choice OHCLASS: TT Fork,bool
Fork choice OHCLASS: Totem RC2 DH (180 mm Travel),bool
Fork choice OHCLASS: Whisky No9 RD+,bool
Gearing analysis OHCLASS: 0,bool
Gearing analysis OHCLASS: 1,bool
Gearing analysis OHCLASS: 2,bool
Gearing analysis OHCLASS: 3,bool
Down tube type OHCLASS: 0,bool
Down tube type OHCLASS: 1,bool
Down tube type OHCLASS: 2,bool
Handlebar style OHCLASS: 0,bool
Handlebar style OHCLASS: 1,bool
Handlebar style OHCLASS: 2,bool
Saddle type OHCLASS: 02_255 x 67,bool
Saddle type OHCLASS: 11_Terry Fisio Deluxe / He,bool
Saddle type OHCLASS: BMX,bool
Saddle type OHCLASS: Bontrager RL 145,bool
Saddle type OHCLASS: Default,bool
Saddle type OHCLASS: DownHill Saddle,bool
Saddle type OHCLASS: DynamicPhotov1,bool
Saddle type OHCLASS: End Zone,bool
Saddle type OHCLASS: Fiz:k Aliante,bool
Saddle type OHCLASS: ISM Breakaway,bool
Saddle type OHCLASS: ISM Prologue,bool
Saddle type OHCLASS: ISM Racing,bool
Saddle type OHCLASS: ISM TT,bool
Saddle type OHCLASS: ProLogo,bool
Saddle type OHCLASS: Selle Italia Diva,bool
Saddle type OHCLASS: Selle Italia Flight TT,bool
Saddle type OHCLASS: Selle Italia Flite Max,bool
Saddle type OHCLASS: Selle Italia GelFloMax,bool
Saddle type OHCLASS: Selle Italia SL,bool
Saddle type OHCLASS: Selle Italia SLK,bool
Saddle type OHCLASS: Selle Italia SLR,bool
Saddle type OHCLASS: Selle SMP Dynamic,bool
Saddle type OHCLASS: Selle SMP Evolution,bool
Saddle type OHCLASS: Selle SMP Pro,bool
Saddle type OHCLASS: Sleek road,bool
Saddle type OHCLASS: Specialized Alias,bool
Saddle type OHCLASS: Specialized Avatar 130,bool
Saddle type OHCLASS: Specialized Henge,bool
Saddle type OHCLASS: Specialized Jet 143,bool
Saddle type OHCLASS: Specialized Phenom,bool
Saddle type OHCLASS: Specialized Romin,bool
Saddle type OHCLASS: Specialized Toupe,bool
Saddle type OHCLASS: WILIER Selle Italia,bool
Saddle type OHCLASS: WTB Rocket Vee,bool
Saddle type OHCLASS: fi'zi:k Aliante,bool
Saddle type OHCLASS: fi'zi:k Antares,bool
Saddle type OHCLASS: fi'zi:k Arione,bool
Saddle type OHCLASS: fi'zi:k Arione TRI,bool
Saddle type OHCLASS: fi'zi:k Gobi,bool
Saddle type OHCLASS: fi'zi:k Tundra,bool
TRACK_ERGO OHCLASS: 0,bool
TRACK_ERGO OHCLASS: 1,bool
FRONTPANNIER style OHCLASS: 0,bool
FRONTPANNIER style OHCLASS: 1,bool
Top tube type OHCLASS: 0,bool
Top tube type OHCLASS: 1,bool
BRAZEonFDTYPE OHCLASS: FD9000F,bool
BRAZEonFDTYPE OHCLASS: FD9070F,bool
CSAUX3_MM_RATIO OHCLASS: 0,bool
CSAUX3_MM_RATIO OHCLASS: 1,bool
bottle SEATTUBE0 show OHCLASS: False,bool
bottle SEATTUBE0 show OHCLASS: True,bool
bottle DOWNTUBE0 show OHCLASS: False,bool
bottle DOWNTUBE0 show OHCLASS: True,bool
